step,N,grid_size,k_attr,k_rep,sigma_rep,amp_rep,eta,min_spacing,mean_spacing,max_spacing,mean_force_norm,max_force_norm,mean_potential,var_potential,mean_need,max_need,lambda_max_real,lambda_min_real,spectral_radius_I_plus_etaJ,continuous_stable,discrete_stable,num_eig_pos_real
0,9,100.0,10.0,0.25,20.0,300.0,0.02,6.280818787877454,39.978633847155464,58.6051315422188,325.31989443319367,537.994578372004,11.648787330030434,225.18536921974692,0.3475519085251167,1.0,22.30392422811609,-53.94281734885971,1.4460784845623218,False,False,5
1,9,100.0,10.0,0.25,20.0,300.0,0.02,9.628461197723182,41.08917232589871,60.9946647065372,197.7382236343032,364.95067213089294,7.252950528569352,154.10776345925336,0.22024300484171058,0.9999950528144836,8.654684200629807,-59.301768295691936,1.173093684012596,False,False,4
2,9,100.0,10.0,0.25,20.0,300.0,0.02,13.817189911726002,41.63718867879675,61.868227458902645,112.70095929665648,225.53920911456655,5.3904898308282005,110.78890514854288,0.16535369211803394,0.9998992681503296,4.939855676511096,-53.547754715532086,1.098797113530222,False,False,3
3,9,100.0,10.0,0.25,20.0,300.0,0.02,18.042663789873597,41.93085927114083,63.43428895361867,72.52396085951888,200.72613254314763,4.5418738764877835,93.66670822279201,0.1399348221069987,0.9998112320899963,3.9560449477633526,-54.539057127966615,1.079120898955267,False,False,3
4,9,100.0,10.0,0.25,20.0,300.0,0.02,19.238178804187193,42.076357109259305,64.24698560105514,54.52097184031514,157.04654553465843,4.046890779019896,83.0782607585723,0.12502408729277886,0.9995880722999573,3.4952003390528925,-55.78448914816197,1.069904006781058,False,False,3
5,9,100.0,10.0,0.25,20.0,300.0,0.02,20.114971859451398,42.162428195203944,64.76264473979394,41.10670702807197,116.56965011069686,3.7215656380182978,75.54585577306935,0.11517674614251708,0.9991918802261353,3.1862788950191034,-56.20898707917632,1.063725577900382,False,False,3
6,9,100.0,10.0,0.25,20.0,300.0,0.02,20.846024529337367,42.226284936653165,65.22893804190628,31.74264102859483,79.95512683066171,3.510340196654688,69.96016891869004,0.10875873057227331,0.9987547993659973,3.012732392729954,-56.02908659159031,1.060254647854599,False,False,2
7,9,100.0,10.0,0.25,20.0,300.0,0.02,21.48616194650437,42.21121775738984,65.48772470163648,24.98608994440628,53.67826177256525,3.3481641980031376,65.91731950708758,0.10379976056248247,0.9983752369880676,2.8497724984635298,-53.78736248908967,1.0569954499692706,False,False,2
8,9,100.0,10.0,0.25,20.0,300.0,0.02,22.108492368278608,42.18116985430609,65.35746652783403,19.934394030470976,34.17552431487665,3.226587838749232,62.83075952268855,0.10005707764164941,0.9981972575187683,2.6551325087881392,-53.211777702212544,1.0531026501757628,False,False,2
9,9,100.0,10.0,0.25,20.0,300.0,0.02,22.70606260094721,42.16010553680695,65.34965113852344,17.546541415639222,24.775950418116906,3.1084461882066465,59.99351731938141,0.09640444867300954,0.9979801774024963,2.5132655284634184,-51.945398227165754,1.0502653105692683,False,False,2
10,9,100.0,10.0,0.25,20.0,300.0,0.02,23.03415615012854,42.14508741271511,65.42142322529828,15.835127799783812,26.838665921973714,3.001834034336583,57.38084790529492,0.09310234654727495,0.9976354241371155,2.3131322389000855,-51.317933992878665,1.0462626447780017,False,False,2
11,9,100.0,10.0,0.25,20.0,300.0,0.02,23.13621402649274,42.1364142124295,65.54775564407682,14.658094080987095,25.024046460556452,2.893639180909338,54.77785786000027,0.08974721320119292,0.9972336292266846,2.086916092880287,-50.949767141832275,1.0417383218576057,False,False,2
12,9,100.0,10.0,0.25,20.0,300.0,0.02,23.253499616995846,42.12972293045175,65.66453925715889,14.228226471531615,25.58867434733829,2.7817165563253297,52.1659528345932,0.08627625293280156,0.9966936707496643,1.9832769852170504,-50.095891307588346,1.039665539704341,False,False,2
13,9,100.0,10.0,0.25,20.0,300.0,0.02,23.353284112807184,42.12426128980566,65.77110209676033,14.055310732238132,23.54894232079409,2.6706279126522734,49.597249541341654,0.08283092548878668,0.9963603019714355,1.847999950852881,-49.766672539271525,1.0369599990170577,False,False,2
14,9,100.0,10.0,0.25,20.0,300.0,0.02,23.489767693902298,42.12259748781781,65.90327972561093,13.911111436994961,23.756996110158422,2.561587516267614,47.10828467392281,0.07944835457371753,0.9958906769752502,1.6383628699494783,-50.38622676198725,1.0327672573989897,False,False,2
15,9,100.0,10.0,0.25,20.0,300.0,0.02,23.639663248384732,42.11947071992054,66.01069487489998,13.203472599851365,21.862717276473994,2.4525528098844296,44.70561158061654,0.07606765612910335,0.9952538013458252,1.4665771290282275,-49.87178156101161,1.0293315425805645,False,False,2
16,9,100.0,10.0,0.25,20.0,300.0,0.02,23.826695284711594,42.10329125170949,66.09794380150765,12.613348113078157,21.39650519292371,2.349622286285206,42.494187025094,0.07287546457220795,0.9944136142730713,1.3836579689724269,-50.17417241642333,1.0276731593794486,False,False,2
17,9,100.0,10.0,0.25,20.0,300.0,0.02,23.98881180045578,42.090422578431046,66.17033166346671,12.086253398238929,19.904726590755793,2.2484335062827356,40.405281633283145,0.06973708410088164,0.9933142066001892,1.2275199720008863,-49.83101690901727,1.0245503994400178,False,False,2
18,9,100.0,10.0,0.25,20.0,300.0,0.02,24.16721886902717,42.08024831922033,66.2720989710645,12.127311017257453,19.17102062144404,2.1534461608759425,38.46211610935644,0.06679165289806277,0.9920843243598938,0.9575348519915854,-49.78688040892264,1.0191506970398316,False,False,2
19,9,100.0,10.0,0.25,20.0,300.0,0.02,24.353805561629297,42.07164708542757,66.3676860792343,11.373671765442678,18.422577377367293,2.0616940135141735,36.61074627945937,0.06394613608455738,0.9906409978866577,0.8364238932788879,-49.0957272477315,1.0167301361680583,False,False,2
20,9,100.0,10.0,0.25,20.0,300.0,0.02,24.543848396907595,42.06522912527464,66.45264073544963,10.856063678973724,17.92340600267497,1.9742604299129736,34.86882154040182,0.06123477537928101,0.9889586567878723,0.7396707062651675,-46.36154862183388,1.0147990423505098,False,False,2
21,9,100.0,10.0,0.25,20.0,300.0,0.02,24.72998030114524,42.06033953295216,66.52026340833154,10.976804304445972,17.104778736185434,1.894406451251981,33.17176658536569,0.05876000403448318,0.9869123101234436,0.6196973399148857,-42.81608409790598,1.0123980644661408,False,False,2
22,9,100.0,10.0,0.25,20.0,300.0,0.02,24.91102160022087,42.05706200530717,66.59176176516495,10.473254505222652,16.80176485849197,1.8186699280262706,31.481318249498248,0.0564119275002041,0.9844011068344116,0.5018298871094665,-42.70264249074279,1.0100386433769524,False,False,2
23,9,100.0,10.0,0.25,20.0,300.0,0.02,25.085844727290457,42.0566929731341,66.71220813685964,10.352207864554408,16.035209706625068,1.7463185058917687,29.83779932206373,0.05416894580643934,0.9812694787979126,0.5693173725565179,-42.525529057803304,1.0113863474511304,False,False,2
24,9,100.0,10.0,0.25,20.0,300.0,0.02,25.247867374195504,42.055098071713985,66.83444178080588,9.981019202930822,15.630466654785572,1.6823397534762614,28.308929269646946,0.052185725395335586,0.977426290512085,0.6794779715277942,-42.27034945353905,1.013589559430556,False,False,1
25,9,100.0,10.0,0.25,20.0,300.0,0.02,25.40645822739962,42.038529920474986,66.94868353329498,9.495365469463247,14.117310164225401,1.6190190663115482,26.759906108577283,0.05022314082028955,0.9736179113388062,0.6631205156452613,-42.02210148396239,1.0132624103129053,False,False,1
26,9,100.0,10.0,0.25,20.0,300.0,0.02,25.55855309072599,42.02295836178116,67.06544703389298,9.1217290504959,13.603794815814084,1.5599192624547267,25.2671716746704,0.04839089063191085,0.969906747341156,0.6024703513255653,-42.26947775224082,1.0120494070265114,False,False,1
27,9,100.0,10.0,0.25,20.0,300.0,0.02,25.70464897627522,42.00856248327095,67.19126470691157,8.881409508246087,13.595452493454179,1.502027571909789,23.805519797428655,0.04659586176879579,0.9655336141586304,0.5255890354379139,-42.51318653221114,1.0105117807087582,False,False,1
28,9,100.0,10.0,0.25,20.0,300.0,0.02,25.845899909421025,41.99547396544872,67.3139535689884,8.565755060296263,12.88464005473617,1.4443210769834798,22.36610207149259,0.04480652996322365,0.9606432914733887,0.4918757640420551,-42.37302467879377,1.0098375152808412,False,False,1
29,9,100.0,10.0,0.25,20.0,300.0,0.02,25.975494108543725,41.986196880730496,67.47490897054561,8.928948511782709,12.249174622610601,1.388461274014461,20.987420624514385,0.04307416501657698,0.9549972414970398,1609.0617477625672,-41.36419308930628,33.18123495525134,False,False,2
30,9,100.0,10.0,0.25,20.0,300.0,0.02,26.094598838915832,41.97564845388475,67.63745192527405,8.737397526416474,11.543833013454586,1.3317447694901272,19.654934898154753,0.041314877797877014,0.9483674764633179,0.4033493937146322,-42.7979700323001,1.0080669878742927,False,False,1
31,9,100.0,10.0,0.25,20.0,300.0,0.02,26.289142370421228,41.9622373967103,67.80442211869882,8.672508678184776,11.930233455675284,1.276015539447143,18.38864715480586,0.03958574365987214,0.9407574534416199,0.4113577318177956,-42.7545769732699,1.008227154636356,False,False,1
32,9,100.0,10.0,0.25,20.0,300.0,0.02,26.387044219188873,41.95391004925549,67.95949913556119,8.028366425738227,10.458170426237519,1.221674275457351,17.222720166441412,0.03789943039327237,0.9331907033920288,0.3651218989227258,-43.08890281343693,1.0073024379784545,False,False,1
33,9,100.0,10.0,0.25,20.0,300.0,0.02,26.563177597421262,41.94494287372056,68.13472932284874,7.904037586260407,9.879142687049638,1.1709096492220825,16.16791087674879,0.03632330608104982,0.9248486161231995,0.26594479818538613,-43.25397306052165,1.0053188959637078,False,False,1
34,9,100.0,10.0,0.25,20.0,300.0,0.02,26.626192762466946,41.938291679794546,68.29763316890057,7.311422683001136,9.744868854432406,1.119334317254009,15.211181386253534,0.03472226766532073,0.9164875745773315,0.22210023259089462,-43.31879486267063,1.0044420046518179,False,False,1
35,9,100.0,10.0,0.25,20.0,300.0,0.02,26.64130305838493,41.93120615203103,68.48662263705145,7.372254746182359,9.215667632395228,1.0710350116006229,14.362521265814067,0.03322249672376961,0.9071349501609802,0.2385883907795926,-42.61365236468522,1.0047717678155919,False,False,1
36,9,100.0,10.0,0.25,20.0,300.0,0.02,26.576992542184943,41.92723103248952,68.65291958469439,6.692956906758088,9.103851999855257,1.0250032737671857,13.606108733502102,0.031793543174240706,0.8978028893470764,0.19972715210374004,-44.208966388983214,1.0039945430420747,False,False,1
37,9,100.0,10.0,0.25,20.0,300.0,0.02,26.605089529002154,41.922593131186865,68.8496763807233,6.769210157721519,8.726728190950679,0.9888060061338052,12.932325796385358,0.03066928022801842,0.8873880505561829,0.07943744134787592,-44.39636360883118,1.0015887488269575,False,False,1
38,9,100.0,10.0,0.25,20.0,300.0,0.02,26.559685272345078,41.924832108974215,69.05879904131169,6.361283429920337,9.0209074275771,0.9553232323655085,12.344448700608329,0.029629555601938175,0.8774172067642212,0.054950648339285056,-45.11326069981921,1.0010990129667856,False,False,1
39,9,100.0,10.0,0.25,20.0,300.0,0.02,26.53942442663443,41.92637871575265,69.25938234745638,6.018607341943334,8.245577883223714,0.9276513882922087,11.808298802312837,0.02876983480155298,0.8669187426567078,0.06663375396950878,-44.92326215242865,1.0013326750793903,False,False,1
40,9,100.0,10.0,0.25,20.0,300.0,0.02,26.47895477233626,41.92751731907088,69.44333937118394,5.866403526625393,9.38937332483664,0.9019631007911876,11.333200753763556,0.02797206741235989,0.857499897480011,0.06662575105381625,-45.19309073002154,1.0013325150210763,False,False,1
41,9,100.0,10.0,0.25,20.0,300.0,0.02,26.508526791261726,41.92700317748128,69.6155436858361,5.851514269990859,8.306740911156778,0.8783429536877682,10.891020728186906,0.02723863253812846,0.8481948375701904,0.018463184637049265,-45.26732161630137,1.000369263692741,False,False,1
42,9,100.0,10.0,0.25,20.0,300.0,0.02,26.465660403611345,41.92658926613613,69.61765043300545,5.2978079362481925,8.430598386005455,0.8537504737844269,10.4742952647546,0.02647492810927039,0.8387606143951416,-0.022031545446925916,-45.470402421261966,0.9995593690910615,True,True,0
43,9,100.0,10.0,0.25,20.0,300.0,0.02,26.442762946362812,41.92556864048715,69.62176798890403,5.244317131440414,7.659120937540741,0.8333426117734613,10.087011688776343,0.02584108876391372,0.82833331823349,-0.09007674188267979,-45.30413728502734,0.9981984651623464,True,True,0
44,9,100.0,10.0,0.25,20.0,300.0,0.02,26.429932080079816,41.925359289378186,69.63312554861605,4.9429367737309375,7.3785239442083315,0.8132773322278884,9.721739457396136,0.025218134008826176,0.8175666332244873,-0.09494640989617549,-44.319089400774786,0.9981010718020765,True,True,0
45,9,100.0,10.0,0.25,20.0,300.0,0.02,26.424415035829536,41.925847354893946,69.65141402842251,4.670476691881522,7.154578963359186,0.7945829542599452,9.39192954012641,0.024637742559141616,0.8069871664047241,-0.16402672756806624,-43.2207697933063,0.9967194654486387,True,True,0
46,9,100.0,10.0,0.25,20.0,300.0,0.02,26.42444174156709,41.927076331485274,69.67457641569115,4.4153171050546005,6.878444402251126,0.7776485138052125,9.092592794943675,0.02411199665267089,0.7965566515922546,-0.14385498390336057,-42.46873114537443,0.9971229003219327,True,True,0
47,9,100.0,10.0,0.25,20.0,300.0,0.02,26.428890442644157,41.92884496772339,69.70207675572642,4.186116460629444,6.664924471435012,0.761748906426985,8.819225026164474,0.02361834340071694,0.7862433195114136,-0.1451368785988094,-42.117142655412245,0.9970972624280238,True,True,0
48,9,100.0,10.0,0.25,20.0,300.0,0.02,26.435906695782272,41.931077334490936,69.73252723754787,3.9738925478379397,6.436418238308908,0.7473029201218514,8.570279694086516,0.023169863204441907,0.7760536074638367,-0.15713492437567875,-41.56503878193758,0.9968573015124864,True,True,0
49,9,100.0,10.0,0.25,20.0,300.0,0.02,26.444532764130667,41.93447291500827,69.76503650662882,3.8935425784821507,6.198291787847879,0.7341456726595843,8.34223925052909,0.022761399480777204,0.765801727771759,-0.21303435828553735,-41.274287765519674,0.9957393128342893,True,True,0
50,9,100.0,10.0,0.25,20.0,300.0,0.02,26.45436500344303,41.93818550582917,69.78485953736107,3.9809427497849867,6.745461459043202,0.7212061491756505,8.119600339357525,0.0223598188197425,0.7568647861480713,-0.23604322121334978,-40.79435971698006,0.995279135575733,True,True,0
51,9,100.0,10.0,0.25,20.0,300.0,0.02,26.463760154401925,41.942372803281025,69.81361091843634,3.7959617882788796,6.455394397811334,0.710067518687037,7.926808522750437,0.02201409649377552,0.7483967542648315,-0.29184869806555064,-40.74258274391575,0.994163026038689,True,True,0
52,9,100.0,10.0,0.25,20.0,300.0,0.02,26.471604701631865,41.946879306988535,69.84562740898642,3.640566657455536,6.122797172867831,0.6998303517250504,7.748410240484198,0.021696333176666683,0.7401669025421143,-0.3253752038594537,-40.760088706415196,0.993492495922811,True,True,0
53,9,100.0,10.0,0.25,20.0,300.0,0.02,26.462405897991857,41.95226889252408,69.87989640167555,3.559674687228698,5.849502880706328,0.6902345813225296,7.583315570967733,0.021398455705374828,0.7321133017539978,-0.34195640196282484,-40.499549477274456,0.9931608719607435,True,True,0
54,9,100.0,10.0,0.25,20.0,300.0,0.02,26.45621917401249,41.958114435721335,69.91780590394472,3.431765526152203,5.642800329204438,0.6808574041042924,7.427388845691976,0.02110726024385899,0.7235521078109741,-0.37106173496706824,-40.58517453925889,0.9925787653006586,True,True,0
55,9,100.0,10.0,0.25,20.0,300.0,0.02,26.452339435633053,41.9641611165452,69.95573849578517,3.2853671975548533,5.40897845539139,0.6724590465601308,7.285536103621815,0.02084645902858194,0.721040666103363,-0.38011381429572916,-40.164245583638646,0.9923977237140854,True,True,0
56,9,100.0,10.0,0.25,20.0,300.0,0.02,26.449531407125313,41.96659059096961,69.8572255877392,3.151222209334305,5.18135933778757,0.6647202408466928,7.159258342931108,0.02060615686087006,0.7225344777107239,-0.4048413322235602,-40.128388044717155,0.9919031733555288,True,True,0
57,9,100.0,10.0,0.25,20.0,300.0,0.02,26.430987633851903,41.96979665002043,69.76520214254622,3.0519391617105205,5.2103281827757035,0.6579977852129215,7.045367733155707,0.02039742799169506,0.7235605120658875,-0.3997686679642026,-39.69720778543302,0.992004626640716,True,True,0
58,9,100.0,10.0,0.25,20.0,300.0,0.02,26.417742511875897,41.97292840596319,69.67402632055402,2.9366605379677377,4.999964791646026,0.6512369474152147,6.934315455909801,0.020187460980416273,0.724295973777771,-0.3895100634463258,-39.800607199323075,0.9922097987310735,True,True,0
59,9,100.0,10.0,0.25,20.0,300.0,0.02,26.40754880329234,41.975320770639684,69.57961035262923,2.872523040446952,4.907470344397222,0.6450895776500014,6.836130394822789,0.01999659647170716,0.7245894074440002,931.7933909030327,-39.71696727549812,19.635867818060653,False,False,1
60,9,100.0,10.0,0.25,20.0,300.0,0.02,26.43615814442015,41.97591926735416,69.49076408136679,2.94511024306888,5.231684401293405,0.6396370320719863,6.749903352234799,0.019827357052914038,0.7245830297470093,-0.3636194906249394,-39.297226994251666,0.9927276101875012,True,True,0
61,9,100.0,10.0,0.25,20.0,300.0,0.02,26.42815734203913,41.98033776483666,69.40067676330922,3.002770422540083,5.31129316599097,0.6357854904607181,6.677845538435349,0.019707459682755654,0.7243092656135559,687.9838304257493,-38.81745437205189,14.759676608514985,False,False,1
62,9,100.0,10.0,0.25,20.0,300.0,0.02,26.459298887009563,41.98209571051724,69.31095687541475,2.699331862896811,4.837301825097604,0.630600074424218,6.597912083130298,0.019546651885126404,0.724510669708252,-0.36286220556380705,-39.07389835669403,0.9927427558887238,True,True,0
63,9,100.0,10.0,0.25,20.0,300.0,0.02,26.450371548159115,41.98613503261687,69.22481062863724,2.810732128308033,5.208992801558891,0.6280049115204294,6.545419370145018,0.01946587930288356,0.7242361903190613,-0.2996280635412303,-38.62132089718387,0.9940074387291754,True,True,0
64,9,100.0,10.0,0.25,20.0,300.0,0.02,26.479879658064487,41.98916950299527,69.1421787989602,2.4938789332901834,4.689281908326232,0.6238682721715789,6.480887983875584,0.019337680833789225,0.7239704132080078,-0.3814918824881974,-38.47597690671195,0.992370162350236,True,True,0
65,9,100.0,10.0,0.25,20.0,300.0,0.02,26.46774171327873,41.99275050763275,69.06384255623495,2.6328846747952577,4.975801290895286,0.6219667562381029,6.4402790804976595,0.019278502905248407,0.7233065962791443,-0.30731542093469083,-38.27614003334521,0.9938536915813062,True,True,0
66,9,100.0,10.0,0.25,20.0,300.0,0.02,26.495459897370953,41.996738835096274,68.9883810730054,2.3630542838908366,4.417510568381199,0.6183450442734074,6.386532774442626,0.01916627015613256,0.7226688265800476,-0.39335464761884825,-38.179264142593226,0.992132907047623,True,True,0
67,9,100.0,10.0,0.25,20.0,300.0,0.02,26.479744676010775,41.999869546424584,68.91886883121721,2.5320297746694695,4.71566704029786,0.6167644324296205,6.351877629498882,0.019117118795755006,0.7241083383560181,-0.33015537224834235,-38.09885388235178,0.9933968925550332,True,True,0
68,9,100.0,10.0,0.25,20.0,300.0,0.02,26.50525722162309,42.00472765307626,68.85110164277918,2.2342755402886056,4.164687002013627,0.613192393598829,6.302394591505864,0.019006387086356547,0.7263035178184509,-0.3263082789030454,-38.3778531426416,0.993473834421939,True,True,0
69,9,100.0,10.0,0.25,20.0,300.0,0.02,26.528490506431424,42.00710712029182,68.7877150383428,2.1737544376140407,4.468281730974184,0.6123183788093438,6.275498134207471,0.01897913866670449,0.7278600335121155,-0.3846609572973947,-38.26816157267597,0.9923067808540521,True,True,0
70,9,100.0,10.0,0.25,20.0,300.0,0.02,26.507959748041646,42.01257912274452,68.72768667066853,2.4368849832483175,4.5203886566620435,0.6111780236728113,6.2496469999766555,0.018943669193753544,0.7296077013015747,-0.3129724695899841,-38.3133099919704,0.9937405506082003,True,True,0
71,9,100.0,10.0,0.25,20.0,300.0,0.02,26.523190625483615,42.01692926243352,68.66494984687108,2.146724092263094,3.99903918821655,0.6084893540090094,6.208903105234237,0.01886028688128879,0.7323973774909973,-0.3615478127332402,-38.300857859015494,0.9927690437453351,True,True,0
72,9,100.0,10.0,0.25,20.0,300.0,0.02,26.495111369769273,42.02135556098276,68.60338126733554,2.343639448516773,4.305800367565192,0.6084728004997384,6.193247360895449,0.01885966866941785,0.7337024807929993,-0.3269203152424615,-38.55278918352191,0.9934615936951507,True,True,0
73,9,100.0,10.0,0.25,20.0,300.0,0.02,26.511671861784727,42.02695260328579,68.54344695162852,2.0307214701876863,3.8387760878239225,0.6065619790580685,6.16371065484467,0.018800479119839175,0.734985888004303,-0.40546572795304964,-3328.46125708467,65.5692251416934,True,False,0
74,9,100.0,10.0,0.25,20.0,300.0,0.02,26.48295204006922,42.02904507137728,68.4879883791401,2.215941016765617,4.18683167958002,0.607211635548454,6.1553480974816335,0.018820551074585603,0.7356101274490356,-0.3460298749146628,-38.876842783353936,0.9930794025017068,True,True,0
75,9,100.0,10.0,0.25,20.0,300.0,0.02,26.552615026037483,42.0316886768065,68.43312354627867,2.271567544724503,3.7396172137130863,0.6055365029727924,6.1306321829501655,0.01876864381296499,0.7364689111709595,-0.34482274374351557,-38.886630996307396,0.9931035451251297,True,True,0
76,9,100.0,10.0,0.25,20.0,300.0,0.02,26.557148641325355,42.03721685037225,68.39242239038248,1.8360554391630401,4.566892839338461,0.6076239392684624,6.149517824263078,0.018833362247730218,0.7381541728973389,-0.3711276353448294,-38.93642512592068,0.9925774472931034,True,True,0
77,9,100.0,10.0,0.25,20.0,300.0,0.02,26.520747464335617,42.03986455120726,68.33706494240647,2.237422748783876,4.225137861206584,0.6070223752421232,6.1346417834421345,0.01881458529877574,0.7388002872467041,-0.3597080569328191,-38.67098909434996,0.9928058388613437,True,True,0
78,9,100.0,10.0,0.25,20.0,300.0,0.02,26.58446221468794,42.043577492307215,68.28202170116514,2.1709344068704115,3.3853124105286065,0.6054737847321935,6.1181715617634,0.018766616598455646,0.7392691969871521,-0.3602578647403258,-38.51517510866402,0.9927948427051935,True,True,0
79,9,100.0,10.0,0.25,20.0,300.0,0.02,26.584333995756527,42.04813806236235,68.24154058701312,1.7999872860177366,4.171602363701304,0.6081090137247073,6.145184060636794,0.01884839682942025,0.7403522729873657,-0.3787169509670469,-38.45511514465269,0.9924256609806591,True,True,0
80,9,100.0,10.0,0.25,20.0,300.0,0.02,26.59323954012065,42.04968330804261,68.19843491299297,2.2334936371584924,3.4115449822389454,0.6079357998767093,6.1377885393850855,0.01884294012969891,0.7404370307922363,-0.3700026623374741,-38.51996746281017,0.9925999467532505,True,True,0
81,9,100.0,10.0,0.25,20.0,300.0,0.02,26.591816594816542,42.05578280417574,68.16228015637881,1.7583370099245001,3.6528787382948162,0.6074697427849982,6.139335434710972,0.01882857022881503,0.7416283488273621,-0.37889051269040436,-38.17312999095243,0.9924221897461919,True,True,0
82,9,100.0,10.0,0.25,20.0,300.0,0.02,26.64293999057106,42.05770247979078,68.12424591414387,1.8291273999316684,3.046419441550649,0.6077369384689979,6.133872895679382,0.018836787359143004,0.7410098314285278,-0.3865793179012977,-38.133122409894,0.992268413641974,True,True,0
83,9,100.0,10.0,0.25,20.0,300.0,0.02,26.588356554437855,42.062313910037666,68.09589162052848,2.1218882293391266,4.055643356662466,0.6092904439053096,6.150180981335156,0.0188850040357473,0.7416819930076599,-0.38123337499326454,-38.12824304199675,0.9923753325001347,True,True,0
84,9,100.0,10.0,0.25,20.0,300.0,0.02,26.63882753570758,42.06609627868353,68.05892702360443,1.7895846968408615,3.0312489053926264,0.6067318316711339,6.117921163930016,0.018805612410733096,0.7419962286949158,-0.37592599084772976,-38.15418578516329,0.9924814801830454,True,True,0
85,9,100.0,10.0,0.25,20.0,300.0,0.02,26.62936691992318,42.07000875315541,68.03254860411265,1.6735214242904355,3.827966921362402,0.6089034194733275,6.138641819364691,0.01887302132313207,0.7442585825920105,-0.37829858905351166,-38.110219668782634,0.9924340282189298,True,True,0
86,9,100.0,10.0,0.25,20.0,300.0,0.02,26.626215018605198,42.07337446551359,68.00222041218498,1.8937567715404973,2.999873843004117,0.6084563001795188,6.12805515191721,0.01885909317640461,0.7451940178871155,-0.37406787087825055,-38.209671891567865,0.9925186425824349,True,True,0
87,9,100.0,10.0,0.25,20.0,300.0,0.02,26.618226738565603,42.07683581673091,67.97551978846862,1.661304685339425,3.3669836893892398,0.608352623958201,6.125752500330391,0.018855955690564166,0.7471641302108765,-0.3688236276372011,-38.168350662736465,0.992623527447256,True,True,0
88,9,100.0,10.0,0.25,20.0,300.0,0.02,26.661080247956324,42.08040194961292,67.94729079787076,1.5388221776258055,2.494845740704064,0.6086661132522484,6.120312501878022,0.018865655078747073,0.7477990984916687,-0.3672686748657263,-38.03027837892764,0.9926546265026854,True,True,0
89,9,100.0,10.0,0.25,20.0,300.0,0.02,26.695676568062517,42.07897507282367,67.92732414227946,1.7772630743670508,2.982588436436949,0.6104135861151632,6.139463780880961,0.018919912795422635,0.7494449615478516,-0.380642728929402,-38.0230263559656,0.9923871454214119,True,True,0
90,9,100.0,10.0,0.25,20.0,300.0,0.02,26.677283904768167,42.08236306301783,67.9091519096183,1.6542954116338358,3.03400706741912,0.6109401049961732,6.152038814660785,0.018936274486335673,0.7510221004486084,-0.34707548763062024,-37.95764753924372,0.9930584902473876,True,True,0
91,9,100.0,10.0,0.25,20.0,300.0,0.02,26.757638900849393,42.082619817405586,67.88851110061304,1.321773111458307,2.167185456595254,0.6108137629204626,6.140369541985844,0.018932332154340207,0.7516191005706787,-0.3779513277328211,-37.837229676081286,0.9924409734453435,True,True,0
92,9,100.0,10.0,0.25,20.0,300.0,0.02,26.731281354985082,42.08301908431804,67.87727109547251,1.6948954696759164,3.2040930008656456,0.6133381379499999,6.1758413547094095,0.019010682902163557,0.7529548406600952,-0.33214102560046155,-37.89097240425099,0.9933571794879907,True,True,0
93,9,100.0,10.0,0.25,20.0,300.0,0.02,26.754237551976907,42.085567632752564,67.86416239208556,1.4728751604760761,3.213732592505931,0.6121207921308832,6.158171969896223,0.01897293250014079,0.7545604109764099,-0.3456171382648785,-37.860880004041775,0.9930876572347024,True,True,0
94,9,100.0,10.0,0.25,20.0,300.0,0.02,26.82371601683581,42.08591604101288,67.84999252173893,1.1402262964983507,1.9330949379847953,0.6128678606590688,6.166028731539282,0.01899606564512142,0.7545478940010071,-0.3761668516779361,-37.84823408174809,0.9924766629664413,True,True,0
95,9,100.0,10.0,0.25,20.0,300.0,0.02,26.787821546443425,42.08507673327326,67.84445290464808,1.6666143292909859,3.5080621691003557,0.6150332641469469,6.195563046729134,0.019063272326238116,0.7558486461639404,-0.3388141643673594,-37.89569999719126,0.9932237167126529,True,True,0
96,9,100.0,10.0,0.25,20.0,300.0,0.02,26.80324098327299,42.08749522072755,67.83588553356886,1.3649263402599594,3.1102846156480495,0.6133990467891736,6.171781439940857,0.019012583101914855,0.7572355270385742,-0.34840463130532406,-37.732228991830645,0.9930319073738936,True,True,0
97,9,100.0,10.0,0.25,20.0,300.0,0.02,26.865462102897535,42.089217310870104,67.82609973453427,1.0177690547049565,1.7238000779644378,0.6138875165783049,6.175859985356907,0.019027701997016824,0.7569833993911743,-0.37253494341800847,-37.78281001337953,0.9925493011316399,True,True,0
98,9,100.0,10.0,0.25,20.0,300.0,0.02,26.870240741833314,42.088338037489116,67.82406941208372,1.252737760309224,2.9991235326312324,0.6157337001644759,6.2017495665697515,0.019085004822660068,0.7580207586288452,-0.37621357531961375,-37.954701752102466,0.9924757284936078,True,True,0
99,9,100.0,10.0,0.25,20.0,300.0,0.02,26.827950763629964,42.088359140005615,67.82136324229752,1.5903240746534808,3.2916144643867,0.615247592077746,6.197297861910825,0.019069916552074063,0.7591572403907776,-0.3571213895969669,-37.86721424466751,0.9928575722080607,True,True,0
100,9,100.0,10.0,0.25,20.0,300.0,0.02,26.88657000383917,42.09078164872752,67.81309607295648,0.9399697672437346,1.526462157243039,0.6139498396618395,6.171690848729569,0.01902962359519806,0.7590541243553162,-0.37576810519934783,-37.892339173792394,0.992484637896013,True,True,0
101,9,100.0,10.0,0.25,20.0,300.0,0.02,26.888084520748915,42.08988591749188,67.81232309821189,1.202620184506126,2.927980484841268,0.6156637626389464,6.197052827705104,0.019082828100813798,0.7596511244773865,-0.34000474382453555,-37.866905420749596,0.9931999051235093,True,True,0
102,9,100.0,10.0,0.25,20.0,300.0,0.02,26.890616364657138,42.09103247247859,67.81046450009048,1.1399147102904257,2.6234980784905986,0.6152817789275044,6.191951123745099,0.01907097200928872,0.7604849338531494,-0.35458125071637675,-37.91833152316112,0.9929083749856724,True,True,0
103,9,100.0,10.0,0.25,20.0,300.0,0.02,26.940785068668873,42.09328405044503,67.80672966884772,0.8734600051126266,1.633782410326324,0.6152720605480716,6.189617328009319,0.019070625089438038,0.7601455450057983,-0.3491939840186104,-37.83724340817289,0.9930161203196278,True,True,0
104,9,100.0,10.0,0.25,20.0,300.0,0.02,26.982909485074014,42.093109618258524,67.809225572553,0.6811745460297126,1.2898071967265647,0.6166597329818273,6.209280865507598,0.019113699431370562,0.7609200477600098,-0.38871579224529085,-37.78929907464709,0.9922256841550942,True,True,0
105,9,100.0,10.0,0.25,20.0,300.0,0.02,26.925490801968536,42.091988467893465,67.81463652685478,1.45784220802483,3.0661153026372565,0.6174229369058841,6.2216218285663345,0.01913735166003488,0.7616956830024719,-0.4001548617997824,-37.88731978267316,0.9919969027640043,True,True,0
106,9,100.0,10.0,0.25,20.0,300.0,0.02,26.92706443412197,42.09237463320163,67.81061336093042,1.5369220416523601,3.773987954009426,0.6150516130224714,6.1873393225634805,0.01906371263323221,0.7613043189048767,-0.3490516737013815,-37.944805546930375,0.9930189665259723,True,True,0
107,9,100.0,10.0,0.25,20.0,300.0,0.02,26.9733998159599,42.09410372617816,67.80970860607759,0.7602774045149032,1.2428309338784231,0.6151611410542281,6.18344436615123,0.019067165491437096,0.7619697451591492,-0.3586115978558153,-37.71738280053962,0.9928277680428836,True,True,0
108,9,100.0,10.0,0.25,20.0,300.0,0.02,26.966977966385326,42.09338857937021,67.81312451991371,1.0389898098303996,3.069659596289635,0.6161918192140593,6.200799989498075,0.019099139011999045,0.7622606754302979,-0.3713889311107404,-37.689311562454066,0.9925722213777852,True,True,0
109,9,100.0,10.0,0.25,20.0,300.0,0.02,26.959307139515737,42.09368034746874,67.81273575902102,1.0995296044387344,2.8663114261844043,0.6155221201466389,6.191999222693409,0.019078301878165088,0.7623995542526245,-0.3546611879595377,-37.925922054004346,0.9929067762408093,True,True,0
110,9,100.0,10.0,0.25,20.0,300.0,0.02,27.000122911609818,42.095561727355694,67.81240962243777,0.7555484091608438,1.4009034770494613,0.6150209756429971,6.185106506749441,0.01906277123157254,0.7622238993644714,-0.35813402281663087,-37.641579963655815,0.9928373195436674,True,True,0
111,9,100.0,10.0,0.25,20.0,300.0,0.02,27.037217933806556,42.09634144818184,67.81651829939452,0.590872835754678,0.9937532189939741,0.6161079270902959,6.201312819744417,0.01909649706778169,0.762751042842865,-0.3664896327932529,-37.73171775524287,0.9926702073441349,True,True,0
112,9,100.0,10.0,0.25,20.0,300.0,0.02,27.023590221519186,42.095627987481485,67.82307294277342,0.9404353891450978,2.936349425139529,0.6167409543668828,6.21198850569152,0.01911610834344852,0.7631828784942627,-0.3721466144969278,-37.78843235043023,0.9925570677100615,True,True,0
113,9,100.0,10.0,0.25,20.0,300.0,0.02,27.00974753825963,42.095833158133345,67.82499299110161,1.063559528575188,2.8873930660163305,0.615821447747321,6.198272210689765,0.019087515589223558,0.7636433839797974,-0.35421680759853585,-37.97704180700036,0.9929156638480293,True,True,0
114,9,100.0,10.0,0.25,20.0,300.0,0.02,27.0453482868013,42.097458966209935,67.82602272154483,0.6880270890056175,1.2944026524445105,0.6150469521239484,6.187347809579101,0.01906349458464595,0.7629941701889038,-0.3583634308658614,-37.752098695347485,0.9928327313826828,True,True,0
115,9,100.0,10.0,0.25,20.0,300.0,0.02,27.07786304635342,42.097726492533646,67.83093849450678,0.5224421225443285,0.8671144311994133,0.6159333798530564,6.200866121077843,0.019090997348612262,0.7633965015411377,-0.38241822536379616,-37.66605556002809,0.9923516354927241,True,True,0
116,9,100.0,10.0,0.25,20.0,300.0,0.02,27.060494723827535,42.097482343962554,67.83801432458874,0.8431289490915616,2.911510733105385,0.6164390196492983,6.209557942430858,0.019106659253945564,0.7637160420417786,-0.36659972572007493,-37.522856276744434,0.9926680054855985,True,True,0
117,9,100.0,10.0,0.25,20.0,300.0,0.02,27.043412321205263,42.0973116266859,67.84070790481404,1.0084146112201877,2.860904832622514,0.6155413189769269,6.197810661879263,0.01907874485351951,0.7641603946685791,-0.3569210096887896,-37.67249413760263,0.9928615798062242,True,True,0
118,9,100.0,10.0,0.25,20.0,300.0,0.02,27.076185784883187,42.098543822673186,67.84209398947141,0.6379710071974318,1.2639577451841364,0.614648357381813,6.184890832491888,0.019051043025897593,0.7634990811347961,-0.3591138409659202,-37.551528078780294,0.9928177231806816,True,True,0
119,9,100.0,10.0,0.25,20.0,300.0,0.02,27.05840883237884,42.09802169972239,67.8471305292557,0.8386552043424643,2.871746317083987,0.6154494011767754,6.196906202716577,0.019075901854497694,0.7637715935707092,-0.3671672077443758,-37.58651407500263,0.9926566558451125,True,True,0
120,9,100.0,10.0,0.25,20.0,300.0,0.02,27.043836695199474,42.09640650125478,67.84855220525505,1.221851875012321,3.4233712276309802,0.6147243025051808,6.1877545209039875,0.01905335198390893,0.7639665007591248,-0.3910319319843035,-37.50224324017148,0.9921793613603139,True,True,0
121,9,100.0,10.0,0.25,20.0,300.0,0.02,27.028800604672195,42.096467036788326,67.85004649513485,1.172811673815511,3.0375790297760235,0.6140387263898057,6.175748235083239,0.01903210382826235,0.7634549736976624,-0.3535601072238794,-37.52152631154396,0.9929287978555225,True,True,0
122,9,100.0,10.0,0.25,20.0,300.0,0.02,27.01874806311829,42.09570190823754,67.85007947005363,1.2379453068018043,3.2066309220364335,0.6133439232325678,6.168915682503598,0.01901054331124685,0.7637131810188293,-0.3521060264876135,-37.60895618844137,0.9929578794702477,True,True,0
123,9,100.0,10.0,0.25,20.0,300.0,0.02,27.009604512886533,42.09590479939732,67.84936474839199,1.0939170279220742,3.3048701848380797,0.613544868895692,6.1686930285026875,0.01901679429634881,0.7632061839103699,-0.35566572805199076,-37.63484254576315,0.9928866854389602,True,True,0
124,9,100.0,10.0,0.25,20.0,300.0,0.02,27.04811984781741,42.097540781972924,67.84749115934859,0.6398610123543835,1.7144585291636107,0.6132451607215292,6.166312362465433,0.019007478932624288,0.7639687061309814,-0.3849027374082378,-37.47509597451699,0.9923019452518352,True,True,0
125,9,100.0,10.0,0.25,20.0,300.0,0.02,27.032968605049014,42.09706031922282,67.85094346276598,1.007841596698225,2.8343040982890604,0.6143367787172471,6.185267811299923,0.019041366478007422,0.7642481327056885,-0.3680473686258768,-37.49314609845887,0.9926390526274824,True,True,0
126,9,100.0,10.0,0.25,20.0,300.0,0.02,27.06817938857497,42.09705768865864,67.85231276408646,0.6307156377265107,1.2653693237530386,0.6135259059436953,6.175796442972991,0.019016189111785715,0.7632983326911926,-0.34646175623834374,-37.43375737375624,0.9930707648752332,True,True,0
127,9,100.0,10.0,0.25,20.0,300.0,0.02,27.053092188563536,42.09807975497791,67.8572194048383,0.8881965154537539,2.8524437757822794,0.6144361727795568,6.191057934659005,0.019044428426212012,0.7637670636177063,-0.3526569126912286,-37.4436441390341,0.9929468617461754,True,True,0
128,9,100.0,10.0,0.25,20.0,300.0,0.02,27.086752892036113,42.09876836141875,67.85861653700204,0.6182645880672251,1.5658951700749504,0.6137914216364697,6.181109347808147,0.01902437624408878,0.7643012404441833,-0.381655155057372,-37.41624770945953,0.9923668968988526,True,True,0
129,9,100.0,10.0,0.25,20.0,300.0,0.02,27.02228764278246,42.09574344159514,67.86373578417073,1.441197020497297,2.8646526211857464,0.6145281734516155,6.194541406522285,0.019047238497421255,0.7645364999771118,-0.35841771913085196,-37.55824758777484,0.9928316456173829,True,True,0
130,9,100.0,10.0,0.25,20.0,300.0,0.02,27.01496253404921,42.09614983984148,67.8610319624304,0.9876223760129886,2.80868557489915,0.6126241679064707,6.162518037260874,0.018988163294515897,0.7634133100509644,-0.3802111532438964,-37.585637039579055,0.992395776935122,True,True,0
131,9,100.0,10.0,0.25,20.0,300.0,0.02,27.00757080896213,42.095853983746245,67.85864327758348,1.2836081643148025,3.431178650071343,0.6125689812008516,6.161640510751402,0.01898645121152505,0.7640211582183838,-0.3498808408361126,-37.36397815183373,0.9930023831832777,True,True,0
132,9,100.0,10.0,0.25,20.0,300.0,0.02,27.046573462727256,42.09769789067257,67.85755207066497,0.6935127232157385,1.1515254072678869,0.612287481197787,6.157969609889928,0.018977750233422568,0.7632958292961121,-0.3531351086392178,-37.26892389305653,0.9929372978272156,True,True,0
133,9,100.0,10.0,0.25,20.0,300.0,0.02,27.080047265097367,42.09728140877805,67.86070812762475,0.5379781385907172,0.9248344061752383,0.6132763553390408,6.1761046153546255,0.01900843480164335,0.763981282711029,-0.378598350232157,-37.2697746001189,0.9924280329953569,True,True,0
134,9,100.0,10.0,0.25,20.0,300.0,0.02,26.97072887134256,42.09421623894226,67.86615801695405,1.740777012691248,3.8868764737097528,0.6139215503607718,6.188782447535965,0.019028426838620726,0.7645354270935059,-0.3616486933968894,-37.52250081916037,0.9927670261320622,True,True,0
135,9,100.0,10.0,0.25,20.0,300.0,0.02,27.016598515332895,42.09627011459334,67.85816360213565,0.7340167168439268,1.5397189057007394,0.6110033368124139,6.136911397050375,0.018937865410804246,0.7635776400566101,-0.3605470923526189,-37.44516155454131,0.9927890581529476,True,True,0
136,9,100.0,10.0,0.25,20.0,300.0,0.02,27.05442500993486,42.09758012964366,67.85811351104104,0.55297332784392,1.1692541570870778,0.6125280851875403,6.162744204422164,0.01898522405498718,0.7640411257743835,-0.35452865705681375,-37.27913381491556,0.9929094268588637,True,True,0
137,9,100.0,10.0,0.25,20.0,300.0,0.02,27.04155221520111,42.097494376936716,67.86192679581701,0.8418774345405233,2.745080967445646,0.6134377133064967,6.179710077714619,0.019013438675418336,0.7645098567008972,-0.361371767401094,-37.406358969737454,0.9927725646519782,True,True,0
138,9,100.0,10.0,0.25,20.0,300.0,0.02,27.076783619694822,42.09783266864397,67.86294975180829,0.6293033089398015,1.5591376104803671,0.6129379826045409,6.171240110553327,0.0189978935653319,0.7649304270744324,-0.3738229835523371,-37.33130453949929,0.9925235403289533,True,True,0
139,9,100.0,10.0,0.25,20.0,300.0,0.02,27.059668960698243,42.09742320682232,67.86749999366447,0.9639423961412932,2.855156606501847,0.6136771902098224,6.185237683550324,0.019020829376679912,0.7650688290596008,-0.35995465563369583,-37.47774253063409,0.992800906887326,True,True,0
140,9,100.0,10.0,0.25,20.0,300.0,0.02,27.001736734464686,42.09560179681578,67.8692612344159,1.3844957193098484,3.9062808770623842,0.6128371058084464,6.173143756144511,0.018994746174060672,0.7638551592826843,-0.36139838202631047,-37.48227153762341,0.9927720323594738,True,True,0
141,9,100.0,10.0,0.25,20.0,300.0,0.02,27.04342100253171,42.09747589849251,67.86412107602708,0.6466332318624076,1.4565742745453862,0.6115493875029089,6.1472416337056535,0.018954788305992197,0.7643181085586548,-0.35746378696371695,-37.364093031261504,0.9928507242607256,True,True,0
142,9,100.0,10.0,0.25,20.0,300.0,0.02,27.078167235866417,42.09848181237295,67.86554300107561,0.5157266514944806,1.1637082558045169,0.6127618122096778,6.168941667035299,0.018992440157094805,0.7646857500076294,-0.38291178176907575,-37.47649355728861,0.9923417643646185,True,True,0
143,9,100.0,10.0,0.25,20.0,300.0,0.02,27.014638536593864,42.09475134672056,67.87009392669277,1.4508230745657458,4.071770555750864,0.6134897002059307,6.183136923223551,0.019015010765722463,0.7649776339530945,-0.3514403181720738,-37.54093619205899,0.9929711936365585,True,True,0
144,9,100.0,10.0,0.25,20.0,300.0,0.02,27.00882351766322,42.095853485004675,67.86751495980845,1.0887255741463389,2.8791653523594096,0.6113305342607173,6.14890088080303,0.01894801533337244,0.7632782459259033,-0.3598242896813848,-3272.8483816482667,64.45696763296533,True,False,0
145,9,100.0,10.0,0.25,20.0,300.0,0.02,27.04875989086026,42.09715016625368,67.86523374103004,0.6523398077477055,1.3211432992104386,0.6114001640656699,6.148382544091993,0.018950181853955035,0.76369309425354,-0.34538075146488617,-37.44428763015706,0.9930923849707023,True,True,0
146,9,100.0,10.0,0.25,20.0,300.0,0.02,27.03659666852898,42.096867621829375,67.8676171917778,1.0005816552636615,2.8758594784309452,0.6125554530207763,6.16752622458467,0.01898604039587409,0.7642295956611633,-0.3737449746603727,-37.38685811976719,0.9925251005067925,True,True,0
147,9,100.0,10.0,0.25,20.0,300.0,0.02,27.025267287054014,42.095570294246734,67.86738980463471,1.2247004129061123,3.22494557024736,0.6122591737510494,6.16221228342898,0.018976826313026048,0.7647761106491089,-0.37016771999595605,-37.521106357156334,0.9925966456000809,True,True,0
148,9,100.0,10.0,0.25,20.0,300.0,0.02,27.017453270904632,42.09625009415217,67.86657711503237,0.9426496934234042,2.498964093105879,0.6118367237171368,6.1564716525756005,0.01896373784133878,0.7638732194900513,-0.36029859962591343,-37.455317228404965,0.9927940280074817,True,True,0
149,9,100.0,10.0,0.25,20.0,300.0,0.02,27.056139700322905,42.0980509868509,67.86524304695982,0.6827258698976969,1.4631277295094987,0.6117402885999647,6.153885776329445,0.01896073359843658,0.7644324898719788,-0.35776700340236,-37.491746346614626,0.9928446599319528,True,True,0
150,9,100.0,10.0,0.25,20.0,300.0,0.02,27.08916657504868,42.09889910335393,67.86814559880611,0.4801954153476749,1.0469057774662076,0.6127830899252232,6.171397183367689,0.018993100931469765,0.7647611498832703,-0.35553587160838823,-37.47825715411392,0.9928892825678323,True,True,0
151,9,100.0,10.0,0.25,20.0,300.0,0.02,27.07276626647283,42.09675679905824,67.87337381179378,0.8215872806000897,2.7090469174070533,0.6134416851733716,6.183765821316748,0.01901351280356111,0.7651623487472534,-0.3911010419133388,-37.43339989641111,0.9921779791617332,True,True,0
152,9,100.0,10.0,0.25,20.0,300.0,0.02,26.965052424958806,42.093783130421265,67.87546298822603,2.0559125389540682,4.147354719860163,0.6127235019899171,6.172396656482793,0.018991185676129573,0.7655255794525146,-0.3526528580507866,-37.64628340474886,0.9929469428389842,True,True,0
153,9,100.0,10.0,0.25,20.0,300.0,0.02,27.011899752594573,42.09589989650546,67.86648134728732,0.7585935654432958,1.3009472044098636,0.6097285025809817,6.121248402216401,0.018898298288912235,0.7631433606147766,-0.3583305963536046,-37.52201713408142,0.9928333880729279,True,True,0
154,9,100.0,10.0,0.25,20.0,300.0,0.02,27.05069618262756,42.096980882995794,67.86548950020325,0.5810500830054691,1.0365786716862333,0.611412327292173,6.148734207753956,0.01895059121675743,0.7639545202255249,-0.3553181506478315,-37.54036333066959,0.9928936369870434,True,True,0
155,9,100.0,10.0,0.25,20.0,300.0,0.02,27.038772760335807,42.09722698649735,67.86841720904738,0.9058144423432929,2.7936424110086344,0.6124728329492011,6.167097745649267,0.018983488946682694,0.7646461129188538,-0.3536671526353046,-37.51643650703468,0.9929266569472939,True,True,0
156,9,100.0,10.0,0.25,20.0,300.0,0.02,27.074563530354602,42.09712448050176,67.86900588977211,0.6145991042656229,1.3994607093064415,0.6120242405013708,6.159985881507004,0.018969535003915006,0.7652229070663452,-0.3761935040805217,-37.30535838849316,0.9924761299183895,True,True,0
157,9,100.0,10.0,0.25,20.0,300.0,0.02,27.01197358778262,42.095979243213165,67.87298376004065,1.4030523634994108,2.8208219935898886,0.612871505635666,6.174787890040243,0.018995824218960157,0.7654402852058411,-0.36031552138927125,-37.62824653193122,0.9927936895722146,True,True,0
158,9,100.0,10.0,0.25,20.0,300.0,0.02,27.05210437385484,42.09642147706587,67.86915363219121,0.6389481927814561,1.0642736041970173,0.6111003931331888,6.144479808881243,0.018940870587578464,0.7642855048179626,-0.3552693933332921,-37.635335499027846,0.9928946121333342,True,True,0
159,9,100.0,10.0,0.25,20.0,300.0,0.02,27.040498168467618,42.09702391285554,67.87094132953531,0.8886948246637351,2.7157298117523485,0.6123340300598188,6.165212287330664,0.018979164172254842,0.7648598551750183,-0.3748015216402204,-37.5805169514723,0.9925039695671956,True,True,0
160,9,100.0,10.0,0.25,20.0,300.0,0.02,27.030035447040557,42.09638179672522,67.87109499345871,1.2502809478388364,3.366834756254651,0.6119490048907691,6.1589855195348395,0.018967192040989785,0.7653569579124451,-0.3721560075810773,-37.671124247096465,0.9925568798483785,True,True,0
161,9,100.0,10.0,0.25,20.0,300.0,0.02,27.019555936299135,42.096109202333245,67.87055656011493,1.1117731441022807,3.0730873418392846,0.6114927163021511,6.1519110480218995,0.018953048899272504,0.7645124793052673,-0.3569281218053098,-37.46308921929038,0.9928614375638938,True,True,0
162,9,100.0,10.0,0.25,20.0,300.0,0.02,27.011756319072397,42.094487221749624,67.8693733284544,1.2063518905209736,3.1351170964961472,0.611216001404836,6.147590233814278,0.018944469264435448,0.763677179813385,-0.3522725135994277,-37.70444273810564,0.9929545497280114,True,True,0
163,9,100.0,10.0,0.25,20.0,300.0,0.02,27.005591317819114,42.09562431550464,67.86698924107465,1.1056958939624015,3.042514112610405,0.6112749208340776,6.146613077236277,0.018946302946613588,0.7644268870353699,-0.35814182756504154,-37.43136144807528,0.9928371634486992,True,True,0
164,9,100.0,10.0,0.25,20.0,300.0,0.02,27.045462391184067,42.097491381139385,67.86504011728574,0.6260377289311768,1.3844457032892727,0.6112479694690448,6.145861653917055,0.018945477487252588,0.7652063369750977,-0.35735494787857675,-37.36415065903455,0.9928529010424285,True,True,0
165,9,100.0,10.0,0.25,20.0,300.0,0.02,27.07962414650559,42.097855395652324,67.8674371309732,0.48308253769230625,1.0284744174260465,0.6123279383417762,6.164681509161204,0.018978990991846408,0.7654768824577332,-0.37148013334878477,-37.314016953913395,0.9925703973330243,True,True,0
166,9,100.0,10.0,0.25,20.0,300.0,0.02,27.016915109548062,42.09619929709682,67.87233533351676,1.3166982748123608,2.8718834719827346,0.6130699815461476,6.177951076419512,0.019001992782508727,0.7658060193061829,-0.3586114294331025,-37.39081167511111,0.9928277714113379,True,True,0
167,9,100.0,10.0,0.25,20.0,300.0,0.02,27.0559121217644,42.09799012440161,67.8702735827044,0.8797710684057853,1.5218341765450794,0.6112573207436559,6.14683486912352,0.018945721754929173,0.7646856307983398,-0.36328443562360524,-37.572784150964125,0.9927343112875279,True,True,0
168,9,100.0,10.0,0.25,20.0,300.0,0.02,27.089438811308145,42.09883932841238,67.87229658582814,0.5032904622663367,0.9866330630778157,0.6122320289544553,6.164389458272625,0.01897598486703347,0.7649519443511963,-0.35702513960162485,-37.553290944929465,0.9928594972079675,True,True,0
169,9,100.0,10.0,0.25,20.0,300.0,0.02,27.026977948584182,42.095305000282025,67.87703420079883,1.2311294649753708,3.8305348443323,0.6129779250468815,6.177579938353035,0.018999110972656306,0.7653946280479431,-0.3807635024873089,-37.796276737587924,0.9923847299502538,True,True,0
170,9,100.0,10.0,0.25,20.0,300.0,0.02,26.972239338019104,42.0940089843795,67.87364743362947,1.6554320387509405,4.1595293441787655,0.611223941228362,6.147392327890233,0.018944661660224016,0.765807032585144,-0.35399980119427377,-37.73811729572827,0.9929200039761146,True,True,0
171,9,100.0,10.0,0.25,20.0,300.0,0.02,27.017255901346612,42.096093349945114,67.86715846479551,0.6702570408747485,1.2962542437526596,0.6097914088671578,6.122937492662562,0.01890027730173501,0.763489305973053,-0.34643509485991003,-37.55359632731777,0.9930712981028018,True,True,0
172,9,100.0,10.0,0.25,20.0,300.0,0.02,27.05520275078252,42.097744148783335,67.86702335228277,0.548153821693769,1.0560073089552529,0.6113164647570614,6.14816633082999,0.01894761510303087,0.7642155885696411,-0.3451672015101684,-37.53314638310243,0.9930966559697967,True,True,0
173,9,100.0,10.0,0.25,20.0,300.0,0.02,27.042788257043128,42.09693134350776,67.87027616530207,0.903984762005946,2.74720683838366,0.6123139424846021,6.165557235245685,0.018978548800665983,0.764941930770874,-0.37526693416043777,-37.46839346579481,0.9924946613167912,True,True,0
174,9,100.0,10.0,0.25,20.0,300.0,0.02,26.984281962589687,42.09463325911537,67.87134846759008,1.4937349896780276,3.123768146935522,0.6118851284230664,6.15793948335497,0.018965217197959863,0.7655543088912964,-0.35045136241346436,-37.86884492538582,0.9929909727517308,True,True,0
175,9,100.0,10.0,0.25,20.0,300.0,0.02,27.02761305277865,42.09662123293472,67.86591316703493,0.6693383047083679,1.187811098838913,0.6104220098874128,6.13159842473719,0.01891984306787276,0.7643488049507141,-0.35367068413730485,-37.70707110395635,0.992926586317254,True,True,0
176,9,100.0,10.0,0.25,20.0,300.0,0.02,27.06417290914744,42.09749494878791,67.8665903762289,0.527510876879189,0.9879540445236827,0.6117741459405176,6.155091242782755,0.018961816948162475,0.7649388313293457,-0.39266206666319514,-3292.399960351281,64.84799920702562,True,False,0
177,9,100.0,10.0,0.25,20.0,300.0,0.02,27.05053258993288,42.0970058451932,67.87045373337058,0.8578285487029748,2.687152580429638,0.6126581737130903,6.171064260222971,0.018989228354670606,0.7654666304588318,-0.3780724434697474,-37.485079358265985,0.9924385511306051,True,True,0
178,9,100.0,10.0,0.25,20.0,300.0,0.02,27.038483128641538,42.09623100976097,67.87197873784262,1.2386615903792655,3.349850310275027,0.6121468915666332,6.162171633187646,0.018973335940618806,0.7659213542938232,-0.3635116283422896,-37.49660824354039,0.9927297674331542,True,True,0
179,9,100.0,10.0,0.25,20.0,300.0,0.02,27.02724240223048,42.095650094646565,67.8718029773261,1.107159563477986,3.0734570485419317,0.6115059968430372,6.153364648584205,0.0189534473980196,0.765024721622467,-0.35722021588635794,-37.52747017729413,0.9928555956822729,True,True,0
180,9,100.0,10.0,0.25,20.0,300.0,0.02,27.01830141133029,42.09542306654615,67.87117430538056,1.203612650070812,3.166959070939646,0.611263191831668,6.148292232183342,0.018945925473867545,0.764127790927887,-0.3551683928710614,-37.80718357745206,0.9928966321425787,True,True,0
181,9,100.0,10.0,0.25,20.0,300.0,0.02,27.011434846006484,42.09586178021248,67.8690338045809,1.098821445275598,3.0209323726848707,0.6112036916015624,6.146144514687429,0.018944082206533236,0.7648486495018005,-0.3575807064600872,-37.499742720217256,0.9928483858707983,True,True,0
182,9,100.0,10.0,0.25,20.0,300.0,0.02,27.050537243708835,42.09751851709031,67.86744724588029,0.6166116774604009,1.3442681788013444,0.6111531101085504,6.144907331731882,0.018942527145450295,0.7655882239341736,-0.36789887655532294,-37.483062713379155,0.9926420224688935,True,True,0
183,9,100.0,10.0,0.25,20.0,300.0,0.02,27.03704335483543,42.097081753199156,67.87000885554401,0.9499383924094036,2.77504437736984,0.6122019308291746,6.163170095309053,0.018975070312695047,0.7658408284187317,-0.3535362047004423,-37.5337819714246,0.9929292759059911,True,True,0
184,9,100.0,10.0,0.25,20.0,300.0,0.02,27.072693062197715,42.09738889832089,67.8708852411581,0.6300078438382236,1.2542735100853524,0.6117639393940684,6.155340485042862,0.018961473908321175,0.7647101879119873,-0.35153997234754897,-37.608797099345956,0.992969200553049,True,True,0
185,9,100.0,10.0,0.25,20.0,300.0,0.02,27.058435846395827,42.097195034963036,67.87467028592123,0.8722602188266796,2.6300040149759294,0.6125893013424376,6.17045128114503,0.018987070175336795,0.7652541995048523,-0.3839820099735126,-37.54947010096752,0.9923203598005298,True,True,0
186,9,100.0,10.0,0.25,20.0,300.0,0.02,26.999070844782082,42.094959766382395,67.8762503904993,1.7396997874575812,3.3247022825289534,0.6120711978233369,6.161286705548357,0.0189709718865986,0.7658154964447021,-0.3690343259341103,-37.71850625139062,0.9926193134813178,True,True,0
187,9,100.0,10.0,0.25,20.0,300.0,0.02,26.99378467382747,42.0949995056175,67.87081662607092,1.3993963743876638,3.477894876155199,0.610368223709416,6.133560929348441,0.01891811938455887,0.7649996280670166,-0.3531133056380363,-37.64142993677487,0.9929377338872393,True,True,0
188,9,100.0,10.0,0.25,20.0,300.0,0.02,27.03527073025532,42.09602496335598,67.86756236168053,0.6305085200321408,1.241551690970849,0.6105131887472415,6.134451239335603,0.018922684315531197,0.7642080783843994,-0.3557978867816691,-37.5606936665846,0.9928840422643667,True,True,0
189,9,100.0,10.0,0.25,20.0,300.0,0.02,27.02534005641625,42.09652040673751,67.8691149419514,0.9221596571750358,2.675430929936019,0.6117609044854909,6.155764771624156,0.018961400635080467,0.7649064660072327,-0.36447774127537397,-37.58528177892233,0.9927104451744925,True,True,0
190,9,100.0,10.0,0.25,20.0,300.0,0.02,27.062355141429887,42.098262220278706,67.86930337555876,0.6390565461642244,1.3061033096576713,0.6115088867861894,6.150645760325978,0.018953565618696697,0.765593409538269,-0.3591987697046481,-37.54562150639271,0.992816024605907,True,True,0
191,9,100.0,10.0,0.25,20.0,300.0,0.02,27.09450565576424,42.09812399670443,67.87269245310152,0.4619151592919139,0.9298426211913342,0.6123912210894848,6.166556849487218,0.01898093336249667,0.7659087181091309,-0.3773370532061321,-37.46112640245404,0.9924532589358773,True,True,0
192,9,100.0,10.0,0.25,20.0,300.0,0.02,27.029535776896772,42.09543974601816,67.87809783598273,1.4015295037912308,2.8329137685564345,0.6130049666815336,6.178227085706179,0.018999948185660715,0.7662570476531982,-0.3971526504888479,-3297.9822506107307,64.95964501221462,True,False,0
193,9,100.0,10.0,0.25,20.0,300.0,0.02,26.97554152138664,42.09416302681891,67.87530577148014,1.5055882706985173,2.994736989284063,0.6111503059937259,6.145776798337081,0.018942399939528887,0.7651292681694031,-0.3503686728191364,-37.67140041208694,0.9929926265436173,True,True,0
194,9,100.0,10.0,0.25,20.0,300.0,0.02,27.02020662855488,42.096217846007875,67.86881021210529,0.6747242944932333,1.1291921141310362,0.6097266093621674,6.1223826596399835,0.018898256796718547,0.7646562457084656,-0.3500577967359906,-37.5374715852662,0.9929988440652802,True,True,0
195,9,100.0,10.0,0.25,20.0,300.0,0.02,27.05778739719639,42.09800968924427,67.86875039219957,0.5358039362749766,0.95492041511037,0.6112372658593285,6.14717600684148,0.018945150792485172,0.7652120590209961,-0.3587947245387194,-37.54994336291873,0.9928241055092256,True,True,0
196,9,100.0,10.0,0.25,20.0,300.0,0.02,27.090329986353687,42.09718479496874,67.87213947486029,0.4650566364432842,0.8295496467005762,0.612224115559289,6.164227004298747,0.01897575672173339,0.7657650709152222,-0.3809710873002298,-37.50240874997834,0.9923805782539954,True,True,0
197,9,100.0,10.0,0.25,20.0,300.0,0.02,26.980256245598724,42.09443667757749,67.87753077355086,1.726542011887639,3.8534801668503005,0.6128832932227247,6.1763302531144415,0.018996180436024128,0.7662492990493774,-0.35529838538574166,-37.83117908087358,0.9928940322922851,True,True,0
198,9,100.0,10.0,0.25,20.0,300.0,0.02,27.024676873929703,42.09644666745124,67.87053901448549,0.719251477426147,1.3977043363413415,0.6099585711930411,6.1242523748699655,0.01890543388645133,0.7652101516723633,-0.3578137248837229,-37.70188746152154,0.9928437255023256,True,True,0
199,9,100.0,10.0,0.25,20.0,300.0,0.02,27.061885410938704,42.09820415018252,67.87029698639182,0.5293349756428181,1.0919958832725702,0.6113967086697446,6.148925217451587,0.01895009072081289,0.7655733823776245,-0.3596765740020827,-3229.9866260292265,63.599732520584524,True,False,0
