seed,final_coverage,monte_carlo_coverage,num_viewpoints,computation_time,convergence_point,coverage_auc,efficiency,time_efficiency
0,0.9942,0.9679,10,0.4653894901275635,13,6.1,0.09942,2.1362751439176018
1,0.9911,0.9675,11,0.5300562381744385,13,7.07715,0.0901,1.869801595795642
10,0.9916,0.9658,10,0.4704148769378662,13,6.101999999999999,0.09916,2.107926531692095
100,0.9932,0.9749,10,0.4726734161376953,13,6.0576,0.09931999999999999,2.1012393887424996
101,0.9975,0.9874,12,0.5697417259216309,14,8.024949999999999,0.083125,1.7507933061887206
102,0.994,0.9764,11,0.5432014465332031,14,6.9581,0.09036363636363637,1.8298920342422944
103,0.993,0.9766,11,0.5348973274230957,13,7.0235,0.09027272727272727,1.8564310365576981
104,0.9935,0.9691,11,0.5260539054870605,13,7.079749999999999,0.09031818181818183,1.8885897236712699
105,0.9902,0.9672,10,0.48050546646118164,13,6.0550999999999995,0.09902,2.060746586906925
106,0.9922,0.9695,11,0.528897762298584,14,7.0517,0.0902,1.8759769292422592
107,0.9971,0.984,11,0.5327103137969971,13,7.10905,0.09064545454545454,1.8717490053702444
108,0.9911,0.9677,11,0.5274443626403809,14,6.92285,0.0901,1.8790607506705805
109,0.9919,0.9691,12,0.5945103168487549,14,8.06565,0.08265833333333333,1.668431937830176
11,0.9957,0.978,11,0.5147974491119385,14,6.98335,0.09051818181818182,1.9341587681089951
110,0.99,0.9627,12,0.6053674221038818,14,8.086,0.0825,1.6353704607350257
111,0.9961,0.9841,11,0.5459194183349609,13,7.11455,0.09055454545454546,1.8246282629734574
112,0.9916,0.96,11,0.5530340671539307,13,7.139,0.09014545454545454,1.7930179330598084
113,0.9946,0.9765,11,0.5348129272460938,14,7.0341,0.09041818181818183,1.8597157049315969
114,0.9938,0.9761,11,0.5356731414794922,13,7.1251,0.09034545454545455,1.8552358202152774
115,0.9937,0.9738,11,0.5647702217102051,13,7.14825,0.09033636363636365,1.7594766186342725
116,0.9913,0.9695,11,0.5501148700714111,13,7.02305,0.09011818181818182,1.8019872828947852
117,0.9955,0.9823,11,0.5512940883636475,14,7.01545,0.09050000000000001,1.8057512696260642
118,0.992,0.9727,11,0.5485954284667969,13,7.005600000000001,0.09018181818181818,1.8082542225559937
119,0.9921,0.9729,10,0.4982576370239258,13,6.047750000000001,0.09920999999999999,1.991138572257068
12,0.9957,0.9816,12,0.5608887672424316,14,7.951350000000001,0.08297500000000001,1.7752182930945217
120,0.9923,0.9721,10,0.4800281524658203,13,6.05685,0.09923,2.0671704251151293
121,0.9909,0.9739,11,0.5170774459838867,14,7.00785,0.09008181818181818,1.9163473628491594
122,0.9958,0.9746,11,0.5237483978271484,14,7.011199999999999,0.09052727272727273,1.9012945989548244
123,0.9905,0.9694,10,0.4937927722930908,13,6.11135,0.09905,2.0059021832180415
124,0.9945,0.9752,11,0.522451639175415,14,7.043949999999999,0.09040909090909091,1.9035254661457632
125,0.9957,0.9762,11,0.5185537338256836,14,7.02885,0.09051818181818182,1.9201481641142968
126,0.9908,0.9629,10,0.4811258316040039,13,6.114,0.09908,2.059336528859438
127,0.9966,0.9835,12,0.571052074432373,14,8.001,0.08305,1.7451998593834415
128,0.9943,0.9817,12,0.5804519653320312,14,8.06055,0.08285833333333333,1.7129755076826014
129,0.9907,0.9655,11,0.5253298282623291,14,6.88745,0.09006363636363636,1.885862836452689
13,0.9919,0.9727,11,0.5221292972564697,14,7.09385,0.09017272727272728,1.8997210177860966
130,0.99,0.9694,11,0.522324800491333,13,7.098400000000001,0.09,1.895372379539974
131,0.9912,0.9721,11,0.5174415111541748,13,7.1270999999999995,0.0901090909090909,1.9155788212451048
132,0.9902,0.9691,11,0.5242123603820801,14,6.9719999999999995,0.09001818181818182,1.8889291341361691
133,0.9942,0.9763,11,0.5283000469207764,13,7.031700000000001,0.09038181818181817,1.8818851253085158
134,0.9942,0.9722,11,0.5167481899261475,13,7.0467,0.09038181818181817,1.9239544895979004
135,0.9915,0.9639,10,0.4842562675476074,13,6.06085,0.09915,2.04746962805706
136,0.9915,0.9691,10,0.48096799850463867,13,6.020250000000001,0.09915,2.061467713200544
137,0.9977,0.9782,12,0.5822808742523193,14,7.97895,0.08314166666666667,1.7134342619120055
138,0.9959,0.9742,12,0.5697379112243652,14,7.96265,0.08299166666666667,1.7479967198598625
139,0.9948,0.9721,11,0.517441987991333,13,7.182100000000001,0.09043636363636363,1.9225343576421607
14,0.9937,0.9756,12,0.5669198036193848,14,8.019449999999999,0.08280833333333333,1.752805235689287
140,0.9956,0.9745,11,0.5620706081390381,14,7.038600000000001,0.09050909090909091,1.7713077068668226
141,0.9962,0.9818,11,0.5546183586120605,14,7.0575,0.09056363636363636,1.79619009095372
142,0.9934,0.9757,12,0.570214033126831,14,8.0157,0.08278333333333333,1.7421528448757782
143,0.9954,0.9811,12,0.565556526184082,14,7.999,0.08295,1.7600362720878742
144,0.9968,0.9872,12,0.585639238357544,14,7.9984,0.08306666666666666,1.7020717443653162
145,0.9937,0.9765,11,0.523975133895874,13,7.0447500000000005,0.09033636363636365,1.8964640413593963
146,0.9917,0.9671,10,0.4764397144317627,13,6.117050000000001,0.09917000000000001,2.081480552440459
147,0.9901,0.972,10,0.47403764724731445,13,6.061450000000001,0.09901,2.088652675055249
148,0.9934,0.9726,11,0.516608715057373,13,7.0147,0.09030909090909091,1.9229253611985153
149,0.9942,0.9762,11,0.5239415168762207,13,7.0245,0.09038181818181817,1.8975400268478364
15,0.9964,0.9867,11,0.5568525791168213,14,7.1328000000000005,0.09058181818181818,1.7893425250544932
150,0.9935,0.9722,11,0.5398087501525879,13,7.1354500000000005,0.09031818181818183,1.840466646231961
151,0.9932,0.9731,11,0.5745007991790771,13,7.0015,0.09029090909090909,1.7288052539164709
152,0.9917,0.9695,10,0.4730191230773926,13,6.10525,0.09917000000000001,2.09653257472583
153,0.995,0.9777,11,0.5266454219818115,14,6.9317,0.09045454545454545,1.8893167176042855
154,0.9925,0.9718,10,0.4758296012878418,13,6.106450000000001,0.09925,2.0858307203120194
155,0.9938,0.9698,10,0.47898244857788086,13,6.1880999999999995,0.09938,2.0748150646242554
156,0.9908,0.9724,11,0.5189566612243652,13,7.0377,0.09007272727272728,1.9092153045351092
157,0.997,0.9871,13,0.6203145980834961,14,8.998,0.0766923076923077,1.6072489718608896
158,0.9931,0.9722,11,0.5170321464538574,13,7.06585,0.09028181818181819,1.920770317302948
159,0.9954,0.9817,12,0.5784275531768799,14,8.054400000000001,0.08295,1.7208723798390915
16,0.9935,0.9738,11,0.5799527168273926,13,7.121150000000001,0.09031818181818183,1.7130706886501037
160,0.9944,0.9805,12,0.5658648014068604,14,7.9633,0.08286666666666666,1.7573102223847639
161,0.9901,0.9624,10,0.47504281997680664,12,6.1206499999999995,0.09901,2.0842331645983836
162,0.9984,0.9891,12,0.575772762298584,14,7.990000000000001,0.0832,1.7340174203694791
163,0.9921,0.972,10,0.4760932922363281,13,6.07475,0.09920999999999999,2.083835282240295
164,0.9978,0.9884,12,0.5768876075744629,14,7.946700000000001,0.08315,1.7296263377805476
165,0.9901,0.9655,11,0.548356294631958,13,7.06005,0.09000909090909091,1.8055778873925912
166,0.9911,0.9699,11,0.5209341049194336,13,7.05525,0.0901,1.9025438930578007
167,0.9958,0.9829,11,0.5303804874420166,14,7.057,0.09052727272727273,1.8775200513176213
168,0.9912,0.967,11,0.5257911682128906,13,7.08,0.0901090909090909,1.8851590896229495
169,0.9908,0.976,12,0.5788464546203613,14,7.992100000000001,0.08256666666666666,1.7116801737169143
17,0.9934,0.9778,11,0.5360743999481201,14,6.9670000000000005,0.09030909090909091,1.853100987654211
170,0.9927,0.9784,11,0.5328950881958008,14,7.06955,0.09024545454545455,1.8628432162152972
171,0.9955,0.9833,12,0.5820372104644775,14,7.96125,0.08295833333333334,1.7103717461733603
172,0.9932,0.9813,12,0.5670924186706543,14,7.9221,0.08276666666666667,1.7513900156313194
173,0.9938,0.9749,10,0.47890162467956543,13,6.0767999999999995,0.09938,2.0751652297378502
174,0.9954,0.9736,11,0.5274925231933594,14,7.027299999999999,0.09049090909090908,1.8870409650055322
175,0.9997,0.9904,12,0.5761582851409912,14,8.00295,0.08330833333333333,1.7351134675697049
176,0.9952,0.9773,11,0.5313065052032471,13,7.116700000000001,0.09047272727272727,1.8731184170600248
177,0.9954,0.9801,11,0.5284788608551025,14,7.060500000000001,0.09049090909090908,1.8835190463236278
178,0.9956,0.9768,12,0.5734329223632812,14,7.9659,0.08296666666666667,1.7362100451031786
179,0.9956,0.9788,12,0.5970146656036377,14,8.046499999999998,0.08296666666666667,1.6676307256093204
18,0.9917,0.9679,11,0.564453125,13,7.014750000000001,0.09015454545454546,1.7569217993079584
180,0.9903,0.9701,11,0.5149104595184326,14,7.00645,0.09002727272727272,1.923247006724573
181,0.9929,0.9751,10,0.46875524520874023,13,6.08255,0.09929,2.1181629648919538
182,0.9901,0.9644,10,0.46785950660705566,13,6.0966499999999995,0.09901,2.1162335829836243
183,0.9937,0.9713,10,0.4703178405761719,13,6.119149999999999,0.09937,2.1128265063954386
184,0.9955,0.9806,11,0.5204644203186035,14,7.12655,0.09050000000000001,1.9127148007362393
185,0.9947,0.9754,12,0.5625038146972656,14,8.03855,0.08289166666666667,1.7683435632082574
186,0.9905,0.9725,11,0.5343723297119141,14,7.03045,0.09004545454545455,1.8535765138400586
187,0.9923,0.9725,12,0.5843555927276611,14,7.963949999999999,0.08269166666666666,1.6981098706835878
188,0.9913,0.9724,11,0.537750244140625,13,7.038649999999999,0.09011818181818182,1.8434208274218262
189,0.9907,0.9674,10,0.49188709259033203,13,6.10515,0.09907,2.01408009058108
19,0.996,0.9844,12,0.5777397155761719,14,8.0156,0.083,1.7239597229466956
190,0.9941,0.9694,10,0.4851968288421631,13,6.140949999999999,0.09941,2.0488592276504463
191,0.9943,0.9748,11,0.5281050205230713,14,7.06025,0.09039090909090909,1.8827694518320945
192,0.9912,0.9714,11,0.5507099628448486,13,7.117799999999999,0.0901090909090909,1.7998584860888933
193,0.9981,0.9906,12,0.5580980777740479,14,7.982150000000001,0.083175,1.788395337215427
194,0.9922,0.9684,10,0.49814701080322266,13,6.081499999999999,0.09922,1.9917814992007197
195,0.995,0.9805,12,0.6135952472686768,14,7.896,0.08291666666666667,1.6215901352383135
196,0.9945,0.9777,12,0.5740382671356201,14,8.03335,0.082875,1.7324628982705839
197,0.9905,0.9654,10,0.48118138313293457,13,6.13505,0.09905,2.0584753166278618
198,0.9966,0.9869,12,0.565692663192749,14,7.960000000000001,0.08305,1.7617340030100894
199,0.9946,0.9827,12,0.5672056674957275,14,8.035800000000002,0.08288333333333334,1.7535085719281742
2,0.9976,0.9821,11,0.5118234157562256,13,7.0416,0.0906909090909091,1.9491097306011946
20,0.9983,0.983,11,0.5298521518707275,14,7.02575,0.09075454545454545,1.8841104947396035
200,0.9915,0.9709,10,0.48976635932922363,13,6.08165,0.09915,2.024434674030987
201,0.9969,0.9894,13,0.6225142478942871,14,8.97415,0.07668461538461538,1.6014091297863589
202,0.9916,0.9751,12,0.5688745975494385,14,8.0166,0.08263333333333334,1.743090664043624
203,0.9955,0.978,12,0.5633022785186768,14,8.03035,0.08295833333333334,1.7672571867060065
204,0.9958,0.9878,13,0.5946004390716553,14,9.0033,0.0766,1.6747380838714723
205,0.9954,0.9795,11,0.5377459526062012,14,7.0267,0.09049090909090908,1.851059957170789
206,0.9904,0.9659,12,0.5863432884216309,14,8.070799999999998,0.08253333333333333,1.6891128790201446
207,0.9928,0.9768,11,0.508319616317749,14,7.0572,0.09025454545454546,1.9531018834012572
208,0.993,0.9688,10,0.4578421115875244,13,6.1073,0.0993,2.1688699550962363
209,0.9905,0.9662,11,0.5124101638793945,13,7.08985,0.09004545454545455,1.9330217661980902
21,0.9919,0.9773,11,0.5231425762176514,14,6.94665,0.09017272727272728,1.8960414332388882
210,0.9912,0.967,11,0.5143182277679443,13,7.1074,0.0901090909090909,1.9272114937509472
211,0.995,0.98,11,0.5175650119781494,13,7.1224,0.09045454545454545,1.9224638006287933
212,0.9954,0.9809,12,0.5565626621246338,14,7.9789,0.08295,1.7884778619538355
213,0.9937,0.9766,12,0.5511095523834229,13,7.99395,0.08280833333333333,1.8030897771640406
214,0.9984,0.9891,11,0.5404298305511475,14,6.9852,0.09076363636363637,1.8474183761873397
215,0.9926,0.9759,11,0.5329267978668213,13,7.0201,0.09023636363636364,1.862544732171737
216,0.9962,0.9747,12,0.5977084636688232,14,7.980100000000001,0.08301666666666667,1.666698834888796
217,0.9952,0.9805,11,0.5126819610595703,14,7.0424,0.09047272727272727,1.9411644559196108
218,1.0,0.9963,12,0.5555474758148193,14,7.925299999999999,0.08333333333333333,1.8000261787407168
219,0.9923,0.969,10,0.4754362106323242,13,6.065049999999999,0.09923,2.087135934976962
22,0.9949,0.978,11,0.5322854518890381,14,7.066350000000001,0.09044545454545455,1.869109885436809
220,0.9952,0.9763,10,0.4640216827392578,13,6.0395,0.09952,2.1447273630082084
221,0.9906,0.9703,10,0.47329115867614746,13,6.073300000000001,0.09906000000000001,2.093003390916551
222,0.9962,0.9788,10,0.46127820014953613,13,6.141700000000001,0.09962,2.1596511599226975
223,0.9981,0.9875,12,0.5664887428283691,14,7.95855,0.083175,1.7619061501852251
224,0.9974,0.9834,12,0.5771274566650391,14,8.0313,0.08311666666666666,1.7282144324990663
225,0.9965,0.9854,11,0.5274028778076172,13,7.07325,0.0905909090909091,1.8894474071555925
226,0.9953,0.9797,10,0.4879179000854492,13,6.086850000000001,0.09953,2.039892366780749
227,0.9926,0.9664,12,0.5877163410186768,14,8.0501,0.08271666666666667,1.6889099906249785
228,0.9904,0.9711,11,0.5230822563171387,13,7.0804,0.09003636363636364,1.8933924598649203
229,0.9937,0.9702,10,0.47107553482055664,13,6.0577499999999995,0.09937,2.1094281628922267
23,0.9929,0.9744,11,0.51377272605896,14,7.045749999999999,0.09026363636363637,1.9325665798111205
230,0.994,0.9711,12,0.5998432636260986,14,7.9769000000000005,0.08283333333333333,1.657099546290132
231,0.9961,0.9839,12,0.5673356056213379,14,7.995550000000001,0.08300833333333334,1.7557508996973412
232,0.9924,0.9763,11,0.5289661884307861,13,7.1236,0.09021818181818181,1.87611235217892
233,0.9936,0.971,10,0.47482872009277344,13,6.1267,0.09936,2.092544022623289
234,0.9921,0.9695,12,0.5731747150421143,14,8.02025,0.082675,1.7308858432931833
235,0.9945,0.9776,11,0.5163087844848633,14,7.08165,0.09040909090909091,1.9261729218731818
236,0.9922,0.9709,11,0.5183975696563721,14,7.0566,0.0902,1.913975022409336
237,0.9958,0.9766,10,0.47216343879699707,13,6.0915,0.09958,2.1090154767958142
238,0.9953,0.9805,11,0.5208401679992676,14,7.0421499999999995,0.09048181818181818,1.9109509234345374
239,0.9926,0.9693,11,0.5181608200073242,13,7.1082,0.09023636363636364,1.9156214859818417
24,0.9945,0.9805,11,0.5177943706512451,14,7.041849999999999,0.09040909090909091,1.920646604846608
240,0.9961,0.9837,11,0.5319850444793701,13,7.05105,0.09055454545454546,1.8724210583303866
241,0.9951,0.9757,11,0.5200164318084717,13,7.077450000000001,0.09046363636363636,1.913593377307945
242,0.9912,0.9613,10,0.4766256809234619,13,6.0885,0.09912,2.079619373592188
243,0.99,0.968,10,0.4671664237976074,13,6.035200000000001,0.099,2.119159146653275
244,0.9986,0.986,11,0.5218627452850342,14,7.0052,0.09078181818181819,1.9135299636201826
245,0.9904,0.971,10,0.47052693367004395,13,6.088699999999999,0.09903999999999999,2.104874193438873
246,0.9936,0.979,12,0.5731372833251953,14,8.0691,0.0828,1.7336160618192347
247,0.9921,0.9782,12,0.5730245113372803,14,8.00865,0.082675,1.7313395507021396
248,0.9925,0.9758,11,0.5249755382537842,14,7.0142500000000005,0.09022727272727273,1.8905642790544743
249,0.9906,0.9654,11,0.521373987197876,13,7.0982,0.09005454545454546,1.8999797157583156
25,0.9945,0.9741,11,0.5267701148986816,13,7.091049999999999,0.09040909090909091,1.887920312623052
250,0.9929,0.9742,11,0.5244631767272949,13,7.09115,0.09026363636363637,1.8931739044022116
251,0.9947,0.9774,11,0.5218071937561035,14,7.13885,0.09042727272727273,1.9062596528037328
252,0.9958,0.9789,11,0.5241832733154297,13,7.0703,0.09052727272727273,1.8997172376402267
253,0.9929,0.972,12,0.5679302215576172,14,8.039050000000001,0.08274166666666667,1.7482781551523212
254,0.9916,0.9738,11,0.5159988403320312,13,7.049799999999999,0.09014545454545454,1.921709745242707
255,0.996,0.9774,12,0.5708522796630859,14,8.019300000000001,0.083,1.7447596085415198
256,0.9945,0.973,11,0.5156896114349365,13,7.12725,0.09040909090909091,1.9284856199308449
257,0.9931,0.9674,11,0.5136313438415527,13,7.05105,0.09028181818181819,1.9334879226263806
258,0.9952,0.9759,11,0.5193459987640381,14,7.0778,0.09047272727272727,1.9162562191071457
259,0.9943,0.9773,11,0.5505015850067139,13,7.046749999999999,0.09039090909090909,1.8061710031005154
26,0.9918,0.9742,11,0.5397303104400635,14,7.1208,0.09016363636363636,1.8375844024608257
260,0.993,0.9784,12,0.5649101734161377,14,7.994900000000001,0.08275,1.757801588162429
261,0.9972,0.9855,12,0.5907788276672363,14,8.077399999999999,0.0831,1.6879413298163852
262,0.9972,0.9806,12,0.5747027397155762,14,7.9177,0.0831,1.7351579017937522
263,0.9919,0.9768,10,0.48822569847106934,13,6.06715,0.09919,2.0316423389965754
264,0.9949,0.9805,11,0.5562825202941895,14,6.99675,0.09044545454545455,1.7884797089684719
265,0.995,0.9749,11,0.5345783233642578,13,7.0575,0.09045454545454545,1.8612801090365465
266,0.9919,0.9809,12,0.5690553188323975,14,7.91395,0.08265833333333333,1.743064280701578
267,0.9954,0.9784,10,0.4665987491607666,13,6.102499999999999,0.09953999999999999,2.133310476700474
268,0.9918,0.9689,12,0.5587358474731445,14,8.073699999999999,0.08265,1.775078517845896
269,0.9954,0.9771,12,0.5624868869781494,14,8.0447,0.08295,1.7696412539456545
27,0.9969,0.981,11,0.5269558429718018,14,6.99625,0.09062727272727272,1.8918093675134477
270,0.9965,0.9845,11,0.5212631225585938,14,7.04875,0.0905909090909091,1.9117024720811442
271,0.9915,0.9714,10,0.4632899761199951,13,6.10975,0.09915,2.1401283237416626
272,0.9956,0.9808,11,0.5201840400695801,14,7.011500000000001,0.09050909090909091,1.9139379975341575
273,0.9929,0.9688,11,0.5226387977600098,13,7.10745,0.09026363636363637,1.8997824200107112
274,0.9968,0.9809,11,0.5094149112701416,13,6.991199999999999,0.09061818181818182,1.9567546570528227
275,0.9951,0.9776,11,0.5326840877532959,14,7.11415,0.09046363636363636,1.868086588050786
276,0.9908,0.9626,10,0.47348499298095703,13,6.117299999999999,0.09908,2.0925689613986322
277,0.9948,0.9807,12,0.5894291400909424,14,7.8991999999999996,0.0829,1.6877346780759999
278,0.999,0.9911,12,0.5674788951873779,14,7.9695,0.08325,1.7604178912594388
279,0.9918,0.9721,10,0.48028087615966797,13,6.0854,0.09918,2.065041622998703
28,0.9993,0.9873,12,0.5666561126708984,14,8.04065,0.083275,1.7635034329548858
280,0.9919,0.965,11,0.5190105438232422,13,7.054950000000001,0.09017272727272728,1.9111365112031486
281,0.9952,0.9771,10,0.4765934944152832,13,6.1548,0.09952,2.0881527164381
282,0.9909,0.9733,11,0.5194506645202637,14,7.082350000000001,0.09008181818181818,1.9075921308429575
283,0.9904,0.9671,11,0.513695240020752,13,7.0957,0.09003636363636364,1.9279913903036952
284,0.9945,0.973,11,0.5420520305633545,13,7.054649999999999,0.09040909090909091,1.8346947228782013
285,0.9953,0.9809,11,0.526543378829956,13,7.104750000000001,0.09048181818181818,1.8902526173848746
286,0.9951,0.9788,11,0.5176348686218262,14,7.054650000000001,0.09046363636363636,1.9223975437539553
287,0.9974,0.9822,12,0.5665791034698486,14,8.0537,0.08311666666666666,1.7603896682594085
288,0.9927,0.9727,11,0.5258963108062744,14,7.084350000000001,0.09024545454545455,1.887634462538915
289,0.9922,0.9726,11,0.5280551910400391,13,7.1015,0.0902,1.8789702607520957
29,0.9955,0.978,11,0.5262775421142578,14,7.007750000000001,0.09050000000000001,1.8915874616285098
290,0.9937,0.9707,10,0.47347116470336914,13,6.1533500000000005,0.09937,2.098755054328505
291,0.9915,0.9715,11,0.5119271278381348,14,7.02265,0.09013636363636364,1.9367990990965818
292,0.9944,0.9795,12,0.5637147426605225,14,7.9635,0.08286666666666666,1.7640127616794345
293,0.9945,0.9791,11,0.5139453411102295,13,7.053850000000001,0.09040909090909091,1.9350306743741892
294,0.9929,0.9698,11,0.5271656513214111,14,7.02845,0.09026363636363637,1.883468692452104
295,0.9992,0.987,11,0.5112264156341553,14,7.0145,0.09083636363636363,1.954515591219076
296,0.9916,0.9801,11,0.5204157829284668,14,7.015499999999999,0.09014545454545454,1.9053995526809366
297,0.9904,0.9681,10,0.4674496650695801,13,6.083799999999999,0.09903999999999999,2.1187307939403026
298,0.9956,0.9798,12,0.5661811828613281,14,7.9133000000000004,0.08296666666666667,1.7584477021445752
299,0.9906,0.9683,10,0.4752628803253174,13,6.004700000000001,0.09906000000000001,2.0843201541890553
3,0.9902,0.9686,11,0.5343658924102783,13,7.039900000000001,0.09001818181818182,1.8530374300905772
30,0.9935,0.9672,10,0.467179536819458,13,6.096449999999999,0.09935000000000001,2.126591431559082
31,0.9951,0.9819,12,0.5613408088684082,14,8.054850000000002,0.082925,1.7727198598049467
32,0.9946,0.9748,12,0.5659797191619873,14,8.0715,0.08288333333333334,1.7573067838413812
33,0.9944,0.9738,10,0.47162795066833496,13,6.091000000000001,0.09944,2.108441619269712
34,0.9903,0.9721,11,0.5228371620178223,14,6.940049999999999,0.09002727272727272,1.8940887755148572
35,0.9936,0.9763,11,0.5811285972595215,14,7.0029,0.09032727272727273,1.709776467180596
36,0.9942,0.9787,11,0.5192809104919434,13,7.1335,0.09038181818181817,1.9145706686158357
37,0.9951,0.9762,12,0.5644717216491699,14,8.08135,0.082925,1.7628872480851643
38,0.9948,0.9838,11,0.5442702770233154,14,6.966200000000001,0.09043636363636363,1.8277683753753557
39,0.9958,0.9824,12,0.5770881175994873,14,7.9689,0.08298333333333334,1.7255597015967474
4,0.996,0.9832,12,0.5699009895324707,14,8.021,0.083,1.7476719961779463
40,0.9956,0.984,12,0.5866580009460449,14,7.9931,0.08296666666666667,1.697070522168785
41,0.9951,0.9798,12,0.5715806484222412,14,8.062750000000001,0.082925,1.740961669620582
42,0.999,0.9913,12,0.5731174945831299,14,7.932100000000001,0.08325,1.7430980722838438
43,0.9932,0.9772,12,0.5708332061767578,14,8.0039,0.08276666666666667,1.7399127963352168
44,0.9968,0.9801,11,0.5494732856750488,14,7.0266,0.09061818181818182,1.8141009326329547
45,0.9977,0.9886,12,0.5715603828430176,14,7.88825,0.08314166666666667,1.7455723488694355
46,0.9965,0.977,10,0.4787890911102295,13,6.10865,0.09965,2.081292198385907
47,0.9973,0.9839,11,0.5228135585784912,14,7.03475,0.09066363636363636,1.9075633820814022
48,0.9901,0.9684,11,0.5198638439178467,13,6.970949999999999,0.09000909090909091,1.9045371429147975
49,0.9979,0.9801,11,0.5265896320343018,14,7.051849999999999,0.09071818181818182,1.8950240173642412
5,0.9966,0.9807,11,0.5265021324157715,14,7.0557,0.0906,1.8928698264283548
50,0.9923,0.9756,10,0.4835374355316162,13,6.11375,0.09923,2.052167892459111
51,1.0,0.9895,11,0.5377120971679688,14,7.1064,0.09090909090909091,1.8597312674697428
52,0.9981,0.9886,12,0.5662472248077393,14,7.951150000000001,0.083175,1.762657645410783
53,0.9977,0.9814,12,0.5785105228424072,14,8.09395,0.08314166666666667,1.7246013004188425
54,0.9914,0.9643,10,0.47181272506713867,13,6.017800000000001,0.09913999999999999,2.1012574424713204
55,0.9958,0.976,11,0.5356793403625488,13,7.0531999999999995,0.09052727272727273,1.858947928299868
56,0.9913,0.9682,10,0.4818708896636963,13,6.05215,0.09913,2.0571900508284298
57,0.9971,0.9813,12,0.6089115142822266,14,8.049349999999999,0.08309166666666666,1.637512145217623
58,0.9939,0.9757,11,0.5684380531311035,13,7.12395,0.09035454545454545,1.7484754838725913
59,0.9911,0.9757,11,0.5192489624023438,13,7.057550000000001,0.0901,1.9087183061755242
6,0.9934,0.9659,10,0.4820239543914795,13,6.0997,0.09934,2.0608934285311524
60,0.9921,0.9711,12,0.5665485858917236,14,8.02465,0.082675,1.7511296024832121
61,0.9924,0.9762,11,0.52597975730896,13,7.0283999999999995,0.09021818181818181,1.8867646258429396
62,0.9987,0.9871,12,0.5912775993347168,14,7.9685500000000005,0.08322500000000001,1.6890543479470548
63,0.9945,0.9798,12,0.5794994831085205,14,8.00095,0.082875,1.7161361295187973
64,0.9989,0.9898,13,0.6068096160888672,14,8.95795,0.07683846153846154,1.6461505775704637
65,0.9931,0.9749,12,0.5821731090545654,14,8.07155,0.08275833333333334,1.7058500032967334
66,0.999,0.9887,12,0.5743396282196045,14,7.9228000000000005,0.08325,1.7393889449989726
67,0.9924,0.9713,10,0.48977231979370117,13,6.110200000000001,0.09924,2.026247625464037
68,0.9918,0.9775,11,0.5282509326934814,14,7.078600000000001,0.09016363636363636,1.8775167985846108
69,0.9946,0.9752,12,0.5959739685058594,14,7.94,0.08288333333333334,1.6688648373242188
7,0.9947,0.9798,11,0.524139404296875,14,7.011449999999999,0.09042727272727273,1.8977775604075693
70,0.9939,0.9785,12,0.5878255367279053,14,7.928750000000001,0.082825,1.6908077956811527
71,0.9939,0.9672,11,0.5408434867858887,13,7.14745,0.09035454545454545,1.8376850683855406
72,0.9929,0.9689,11,0.5415434837341309,13,7.10795,0.09026363636363637,1.8334631102078984
73,0.994,0.9766,10,0.49443650245666504,13,6.151700000000001,0.0994,2.010369370103534
74,0.9902,0.9729,11,0.5401613712310791,13,7.013299999999999,0.09001818181818182,1.8331558914389603
75,0.9944,0.9749,12,0.5844650268554688,14,8.0727,0.08286666666666666,1.7013849491560822
76,0.9946,0.977,12,0.59283447265625,14,8.0713,0.08288333333333334,1.6777027077113147
77,0.9961,0.979,11,0.5526645183563232,13,7.1206499999999995,0.09055454545454546,1.8023592376845468
78,0.9936,0.9809,12,0.5728132724761963,14,7.993000000000001,0.0828,1.7345966787829448
79,0.9943,0.9808,12,0.5789029598236084,14,7.988049999999999,0.08285833333333333,1.7175590193958639
8,0.9958,0.9826,11,0.5211505889892578,13,7.0470999999999995,0.09052727272727273,1.9107720897548979
80,0.9941,0.9742,11,0.5397183895111084,13,7.113449999999999,0.09037272727272727,1.8418864713883156
81,0.9929,0.9751,11,0.5359036922454834,13,7.045849999999999,0.09026363636363637,1.8527582742333086
82,0.996,0.9795,12,0.5795092582702637,14,8.040799999999999,0.083,1.718695578691685
83,0.9966,0.9828,12,0.6077804565429688,14,8.075099999999999,0.08305,1.6397368314022822
84,0.998,0.9857,12,0.5866718292236328,14,8.0423,0.08316666666666667,1.7011213940861876
85,0.9922,0.9755,11,0.5488688945770264,13,7.0280000000000005,0.0902,1.8077176713841963
86,0.9952,0.9813,12,0.6106796264648438,14,8.0115,0.08293333333333333,1.6296597378908837
87,0.9966,0.981,12,0.5672116279602051,14,8.052,0.08305,1.7570161662304997
88,0.9909,0.9718,11,0.5506255626678467,14,6.984850000000001,0.09008181818181818,1.7995895344905002
89,0.9915,0.976,11,0.5458722114562988,14,6.949450000000001,0.09013636363636364,1.816359175629839
9,0.995,0.9761,11,0.5120320320129395,13,7.059699999999999,0.09045454545454545,1.9432378011359561
90,0.9934,0.9711,11,0.539780855178833,13,7.1402,0.09030909090909091,1.8403764981084405
91,0.9924,0.9745,11,0.5304067134857178,13,7.107900000000001,0.09021818181818181,1.871017041768123
92,0.9909,0.9721,11,0.5250077247619629,13,7.036849999999999,0.09008181818181818,1.8874008005296903
93,0.9907,0.9608,11,0.5408241748809814,13,7.15045,0.09006363636363636,1.8318337937057312
94,0.9925,0.9694,12,0.578857421875,14,8.06245,0.08270833333333334,1.714584563475327
95,0.9933,0.9676,10,0.4879119396209717,13,6.135549999999999,0.09933,2.0358181863137697
96,0.991,0.9755,11,0.5414469242095947,13,7.018000000000001,0.0900909090909091,1.830280966960268
97,0.9911,0.9701,11,0.533393144607544,13,7.04895,0.0901,1.8581041207967235
98,0.9957,0.9755,11,0.5204439163208008,13,7.04485,0.09051818181818182,1.9131744435384122
99,0.9941,0.977,11,0.5471057891845703,13,7.08375,0.09037272727272727,1.8170160500067982
