model,method,#VP_m,#VP_s,Time_m,Time_s,Excl_m,Excl_s,CV_m,CV_s,Ovl_m,Ovl_s,_is_key,method_ord,_key_sort
bell,Greedy,17.6000,1.7436,74.8243,10.8560,0.0709,0.0468,0.7638,0.0456,,0.0000,True,0,0
bracket,Greedy,5.8000,0.7483,8.4246,1.0652,3.6272,2.8219,0.7218,0.1782,,0.0000,True,0,0
cat,Greedy,9.4000,1.2000,19.7369,2.5598,0.3839,0.2096,0.6717,0.0473,,0.0000,True,0,0
goku,Greedy,12.8000,1.6613,17.7342,2.3376,0.1033,0.0510,0.6722,0.0470,,0.0000,True,0,0
gorilla,Greedy,6.7000,0.4583,15.9893,1.0359,1.4245,0.5867,0.7107,0.0778,,0.0000,True,0,0
mug,Greedy,8.8000,0.9798,25.6044,3.0057,1.0004,0.6048,0.8113,0.0753,,0.0000,True,0,0
0003,Greedy,8.0000,0.0000,22.0682,0.0000,0.3866,0.0000,0.6907,0.0000,,0.0000,False,0,1
0005,Greedy,11.0000,0.0000,9.9942,0.0000,0.0507,0.0000,0.7205,0.0000,,0.0000,False,0,1
0006,Greedy,6.0000,0.0000,9.5152,0.0000,2.0616,0.0000,0.8977,0.0000,,0.0000,False,0,1
0007,Greedy,5.0000,0.0000,2.7613,0.0000,2.1707,0.0000,0.6331,0.0000,,0.0000,False,0,1
0008,Greedy,3.0000,0.0000,15.3539,0.0000,21.7465,0.0000,0.5981,0.0000,,0.0000,False,0,1
0009,Greedy,10.0000,0.0000,9.3845,0.0000,0.1131,0.0000,0.8288,0.0000,,0.0000,False,0,1
0010,Greedy,3.0000,0.0000,5.3164,0.0000,31.3952,0.0000,0.5159,0.0000,,0.0000,False,0,1
0012,Greedy,9.0000,0.0000,10.5975,0.0000,0.1832,0.0000,0.7784,0.0000,,0.0000,False,0,1
0013,Greedy,5.0000,0.0000,5.4010,0.0000,0.2544,0.0000,0.8762,0.0000,,0.0000,False,0,1
0015,Greedy,4.0000,0.0000,7.2616,0.0000,13.1791,0.0000,0.7178,0.0000,,0.0000,False,0,1
0016,Greedy,7.0000,0.0000,12.1387,0.0000,0.3374,0.0000,0.7175,0.0000,,0.0000,False,0,1
0017,Greedy,5.0000,0.0000,4.8119,0.0000,2.0000,0.0000,0.7121,0.0000,,0.0000,False,0,1
0021,Greedy,4.0000,0.0000,6.8378,0.0000,3.7037,0.0000,0.7047,0.0000,,0.0000,False,0,1
0022,Greedy,5.0000,0.0000,7.3493,0.0000,5.2817,0.0000,0.6336,0.0000,,0.0000,False,0,1
0026,Greedy,10.0000,0.0000,20.8859,0.0000,0.2329,0.0000,0.9305,0.0000,,0.0000,False,0,1
0029,Greedy,9.0000,0.0000,9.0836,0.0000,0.4782,0.0000,0.7004,0.0000,,0.0000,False,0,1
0030,Greedy,5.0000,0.0000,5.3404,0.0000,0.1520,0.0000,0.8807,0.0000,,0.0000,False,0,1
0031,Greedy,7.0000,0.0000,5.7702,0.0000,0.3349,0.0000,0.5872,0.0000,,0.0000,False,0,1
0034,Greedy,12.0000,0.0000,28.6952,0.0000,0.0918,0.0000,0.9305,0.0000,,0.0000,False,0,1
0036,Greedy,8.0000,0.0000,8.7691,0.0000,0.5209,0.0000,0.7256,0.0000,,0.0000,False,0,1
0038,Greedy,12.0000,0.0000,22.8975,0.0000,0.0527,0.0000,0.9128,0.0000,,0.0000,False,0,1
0041,Greedy,4.0000,0.0000,12.4182,0.0000,10.5095,0.0000,0.8730,0.0000,,0.0000,False,0,1
0042,Greedy,5.0000,0.0000,9.9634,0.0000,6.4689,0.0000,0.8810,0.0000,,0.0000,False,0,1
0043,Greedy,4.0000,0.0000,4.2165,0.0000,10.3951,0.0000,0.7402,0.0000,,0.0000,False,0,1
0044,Greedy,8.0000,0.0000,7.2985,0.0000,2.3603,0.0000,0.5902,0.0000,,0.0000,False,0,1
0046,Greedy,14.0000,0.0000,7.7052,0.0000,0.1276,0.0000,0.7827,0.0000,,0.0000,False,0,1
0050,Greedy,9.0000,0.0000,20.3181,0.0000,0.4508,0.0000,0.8175,0.0000,,0.0000,False,0,1
0051,Greedy,6.0000,0.0000,10.1961,0.0000,2.2328,0.0000,0.8732,0.0000,,0.0000,False,0,1
0052,Greedy,5.0000,0.0000,15.8139,0.0000,7.5302,0.0000,0.7053,0.0000,,0.0000,False,0,1
0056,Greedy,7.0000,0.0000,10.3884,0.0000,0.1321,0.0000,0.8904,0.0000,,0.0000,False,0,1
0062,Greedy,5.0000,0.0000,10.4030,0.0000,1.6573,0.0000,1.0150,0.0000,,0.0000,False,0,1
0066,Greedy,6.0000,0.0000,5.9220,0.0000,0.2675,0.0000,0.9446,0.0000,,0.0000,False,0,1
0067,Greedy,7.0000,0.0000,10.6822,0.0000,0.1403,0.0000,0.7650,0.0000,,0.0000,False,0,1
0068,Greedy,6.0000,0.0000,7.7030,0.0000,6.7376,0.0000,0.4406,0.0000,,0.0000,False,0,1
0071,Greedy,11.0000,0.0000,14.2803,0.0000,0.0778,0.0000,0.7980,0.0000,,0.0000,False,0,1
0073,Greedy,3.0000,0.0000,11.7149,0.0000,19.0169,0.0000,0.6399,0.0000,,0.0000,False,0,1
0077,Greedy,7.0000,0.0000,11.2222,0.0000,0.1827,0.0000,1.0025,0.0000,,0.0000,False,0,1
0078,Greedy,7.0000,0.0000,9.5223,0.0000,0.2632,0.0000,1.0643,0.0000,,0.0000,False,0,1
0081,Greedy,9.0000,0.0000,14.4494,0.0000,0.1036,0.0000,0.4354,0.0000,,0.0000,False,0,1
0082,Greedy,7.0000,0.0000,6.3265,0.0000,0.4714,0.0000,0.7258,0.0000,,0.0000,False,0,1
0083,Greedy,6.0000,0.0000,11.5053,0.0000,1.8862,0.0000,0.6379,0.0000,,0.0000,False,0,1
0084,Greedy,7.0000,0.0000,12.7257,0.0000,1.4596,0.0000,0.9734,0.0000,,0.0000,False,0,1
0088,Greedy,9.0000,0.0000,13.1311,0.0000,0.1870,0.0000,0.7302,0.0000,,0.0000,False,0,1
0089,Greedy,13.0000,0.0000,32.9961,0.0000,0.1028,0.0000,0.6773,0.0000,,0.0000,False,0,1
0090,Greedy,20.0000,0.0000,26.9488,0.0000,0.0506,0.0000,0.7654,0.0000,,0.0000,False,0,1
0093,Greedy,26.0000,0.0000,49.1525,0.0000,0.0149,0.0000,0.9028,0.0000,,0.0000,False,0,1
0094,Greedy,5.0000,0.0000,6.6789,0.0000,2.7188,0.0000,0.4892,0.0000,,0.0000,False,0,1
0095,Greedy,7.0000,0.0000,16.3988,0.0000,0.8398,0.0000,0.6151,0.0000,,0.0000,False,0,1
0099,Greedy,7.0000,0.0000,10.8655,0.0000,1.0048,0.0000,0.9282,0.0000,,0.0000,False,0,1
0102,Greedy,5.0000,0.0000,2.3276,0.0000,10.1698,0.0000,0.5928,0.0000,,0.0000,False,0,1
0106,Greedy,11.0000,0.0000,15.8747,0.0000,0.2345,0.0000,1.0098,0.0000,,0.0000,False,0,1
0107,Greedy,6.0000,0.0000,11.9179,0.0000,2.5629,0.0000,0.6057,0.0000,,0.0000,False,0,1
0108,Greedy,4.0000,0.0000,8.3779,0.0000,10.8102,0.0000,0.6887,0.0000,,0.0000,False,0,1
0109,Greedy,9.0000,0.0000,17.2188,0.0000,0.0971,0.0000,0.7609,0.0000,,0.0000,False,0,1
0110,Greedy,7.0000,0.0000,16.9404,0.0000,0.7576,0.0000,0.7895,0.0000,,0.0000,False,0,1
bell,Genetic (RKGA),7.7000,0.7810,20.1458,2.0499,0.7464,0.2559,0.4833,0.0555,,0.0000,True,1,0
bracket,Genetic (RKGA),4.0000,0.0000,13.7404,1.0706,10.4797,3.1857,0.7601,0.2032,,0.0000,True,1,0
cat,Genetic (RKGA),8.0000,0.6325,26.4216,1.7005,0.6224,0.2037,0.6388,0.0504,,0.0000,True,1,0
goku,Genetic (RKGA),8.5000,0.9220,31.2468,4.3922,0.4327,0.2091,0.5938,0.0614,,0.0000,True,1,0
gorilla,Genetic (RKGA),6.0000,0.0000,18.7941,0.9789,2.2125,0.7335,0.6311,0.0630,,0.0000,True,1,0
mug,Genetic (RKGA),5.8000,0.6000,17.5342,2.4771,5.3697,2.4188,0.5563,0.0952,,0.0000,True,1,0
0003,Genetic (RKGA),4.0000,0.0000,14.6098,0.0000,8.5575,0.0000,1.1693,0.0000,,0.0000,False,1,1
0005,Genetic (RKGA),2.0000,0.0000,8.8520,0.0000,48.3963,0.0000,0.0000,0.0000,,0.0000,False,1,1
0006,Genetic (RKGA),6.0000,0.0000,23.7353,0.0000,0.3816,0.0000,0.7349,0.0000,,0.0000,False,1,1
0007,Genetic (RKGA),3.0000,0.0000,11.6990,0.0000,16.6575,0.0000,0.6254,0.0000,,0.0000,False,1,1
0008,Genetic (RKGA),5.0000,0.0000,15.6832,0.0000,4.6456,0.0000,0.8022,0.0000,,0.0000,False,1,1
0009,Genetic (RKGA),3.0000,0.0000,11.9527,0.0000,16.5978,0.0000,0.5473,0.0000,,0.0000,False,1,1
0010,Genetic (RKGA),3.0000,0.0000,10.7032,0.0000,22.1737,0.0000,0.5731,0.0000,,0.0000,False,1,1
0012,Genetic (RKGA),3.0000,0.0000,12.6356,0.0000,20.2379,0.0000,0.2927,0.0000,,0.0000,False,1,1
0013,Genetic (RKGA),5.0000,0.0000,16.0055,0.0000,2.9679,0.0000,0.4970,0.0000,,0.0000,False,1,1
0015,Genetic (RKGA),4.0000,0.0000,13.3526,0.0000,5.7950,0.0000,1.0447,0.0000,,0.0000,False,1,1
0016,Genetic (RKGA),7.0000,0.0000,21.7996,0.0000,0.8145,0.0000,0.9563,0.0000,,0.0000,False,1,1
0017,Genetic (RKGA),8.0000,0.0000,24.8948,0.0000,0.6017,0.0000,0.5874,0.0000,,0.0000,False,1,1
0021,Genetic (RKGA),5.0000,0.0000,13.3556,0.0000,3.1788,0.0000,0.6303,0.0000,,0.0000,False,1,1
0022,Genetic (RKGA),11.0000,0.0000,47.8118,0.0000,0.1930,0.0000,0.9269,0.0000,,0.0000,False,1,1
0026,Genetic (RKGA),4.0000,0.0000,15.9223,0.0000,0.9998,0.0000,0.9869,0.0000,,0.0000,False,1,1
0029,Genetic (RKGA),3.0000,0.0000,10.0457,0.0000,25.8830,0.0000,0.5127,0.0000,,0.0000,False,1,1
0030,Genetic (RKGA),6.0000,0.0000,19.7225,0.0000,1.0362,0.0000,0.7027,0.0000,,0.0000,False,1,1
0031,Genetic (RKGA),3.0000,0.0000,9.2302,0.0000,23.6318,0.0000,0.5381,0.0000,,0.0000,False,1,1
0034,Genetic (RKGA),7.0000,0.0000,18.1655,0.0000,2.0699,0.0000,0.6509,0.0000,,0.0000,False,1,1
0036,Genetic (RKGA),4.0000,0.0000,13.5767,0.0000,9.9830,0.0000,0.8085,0.0000,,0.0000,False,1,1
0038,Genetic (RKGA),4.0000,0.0000,16.5818,0.0000,11.1790,0.0000,0.5046,0.0000,,0.0000,False,1,1
0041,Genetic (RKGA),4.0000,0.0000,14.1096,0.0000,3.3073,0.0000,0.1227,0.0000,,0.0000,False,1,1
0042,Genetic (RKGA),7.0000,0.0000,33.2804,0.0000,0.1151,0.0000,0.6849,0.0000,,0.0000,False,1,1
0043,Genetic (RKGA),6.0000,0.0000,20.5465,0.0000,1.0608,0.0000,0.5993,0.0000,,0.0000,False,1,1
0044,Genetic (RKGA),2.0000,0.0000,8.6013,0.0000,48.3794,0.0000,0.0000,0.0000,,0.0000,False,1,1
0046,Genetic (RKGA),5.0000,0.0000,18.1341,0.0000,1.4918,0.0000,1.0309,0.0000,,0.0000,False,1,1
0050,Genetic (RKGA),3.0000,0.0000,13.9015,0.0000,19.8113,0.0000,0.7231,0.0000,,0.0000,False,1,1
0051,Genetic (RKGA),3.0000,0.0000,11.5462,0.0000,21.0685,0.0000,0.5368,0.0000,,0.0000,False,1,1
0052,Genetic (RKGA),6.0000,0.0000,22.4355,0.0000,1.6522,0.0000,0.8637,0.0000,,0.0000,False,1,1
0056,Genetic (RKGA),4.0000,0.0000,13.2913,0.0000,9.6340,0.0000,0.4598,0.0000,,0.0000,False,1,1
0062,Genetic (RKGA),2.0000,0.0000,8.8917,0.0000,48.2358,0.0000,0.0000,0.0000,,0.0000,False,1,1
0066,Genetic (RKGA),8.0000,0.0000,33.6500,0.0000,0.5145,0.0000,0.8817,0.0000,,0.0000,False,1,1
0067,Genetic (RKGA),6.0000,0.0000,24.6111,0.0000,0.2854,0.0000,0.9123,0.0000,,0.0000,False,1,1
0068,Genetic (RKGA),4.0000,0.0000,16.6149,0.0000,1.3278,0.0000,1.1283,0.0000,,0.0000,False,1,1
0071,Genetic (RKGA),4.0000,0.0000,14.5377,0.0000,6.4521,0.0000,0.8072,0.0000,,0.0000,False,1,1
0073,Genetic (RKGA),3.0000,0.0000,11.9840,0.0000,18.3828,0.0000,0.7089,0.0000,,0.0000,False,1,1
0077,Genetic (RKGA),4.0000,0.0000,17.2576,0.0000,12.2821,0.0000,0.5522,0.0000,,0.0000,False,1,1
0078,Genetic (RKGA),7.0000,0.0000,24.5591,0.0000,0.7909,0.0000,0.5858,0.0000,,0.0000,False,1,1
0081,Genetic (RKGA),3.0000,0.0000,9.4981,0.0000,20.3162,0.0000,0.2699,0.0000,,0.0000,False,1,1
0082,Genetic (RKGA),6.0000,0.0000,21.8794,0.0000,1.5486,0.0000,0.6718,0.0000,,0.0000,False,1,1
0083,Genetic (RKGA),6.0000,0.0000,20.7828,0.0000,1.6324,0.0000,0.5685,0.0000,,0.0000,False,1,1
0084,Genetic (RKGA),5.0000,0.0000,21.3492,0.0000,1.7249,0.0000,0.7704,0.0000,,0.0000,False,1,1
0088,Genetic (RKGA),3.0000,0.0000,11.2380,0.0000,20.8390,0.0000,0.4029,0.0000,,0.0000,False,1,1
0089,Genetic (RKGA),8.0000,0.0000,22.6985,0.0000,1.1622,0.0000,0.7370,0.0000,,0.0000,False,1,1
0090,Genetic (RKGA),11.0000,0.0000,40.1521,0.0000,0.3634,0.0000,0.7599,0.0000,,0.0000,False,1,1
0093,Genetic (RKGA),9.0000,0.0000,52.8565,0.0000,0.1467,0.0000,0.8224,0.0000,,0.0000,False,1,1
0094,Genetic (RKGA),4.0000,0.0000,15.3709,0.0000,6.4625,0.0000,0.6857,0.0000,,0.0000,False,1,1
0095,Genetic (RKGA),5.0000,0.0000,15.6308,0.0000,3.1250,0.0000,0.6167,0.0000,,0.0000,False,1,1
0099,Genetic (RKGA),4.0000,0.0000,13.2650,0.0000,4.5263,0.0000,0.9524,0.0000,,0.0000,False,1,1
0102,Genetic (RKGA),3.0000,0.0000,11.9901,0.0000,20.7929,0.0000,0.6002,0.0000,,0.0000,False,1,1
0106,Genetic (RKGA),5.0000,0.0000,16.4268,0.0000,4.2060,0.0000,1.1373,0.0000,,0.0000,False,1,1
0107,Genetic (RKGA),3.0000,0.0000,10.3096,0.0000,25.3947,0.0000,0.4999,0.0000,,0.0000,False,1,1
0108,Genetic (RKGA),3.0000,0.0000,12.3782,0.0000,16.8747,0.0000,0.5866,0.0000,,0.0000,False,1,1
0109,Genetic (RKGA),5.0000,0.0000,19.2094,0.0000,1.3223,0.0000,0.7027,0.0000,,0.0000,False,1,1
0110,Genetic (RKGA),4.0000,0.0000,13.6698,0.0000,9.3306,0.0000,0.4579,0.0000,,0.0000,False,1,1
bell,SA,8.2000,2.1354,54.0284,42.6560,1.1674,0.6189,0.5366,0.0788,,0.0000,True,2,0
bracket,SA,10.1000,4.5924,30.7400,33.3612,1.5735,1.5775,0.9184,0.1531,,0.0000,True,2,0
cat,SA,8.1000,0.9434,31.4208,10.2859,0.8387,0.5804,0.6958,0.0822,,0.0000,True,2,0
goku,SA,8.3000,1.2689,27.9467,13.3244,0.6892,0.6767,0.7261,0.1336,,0.0000,True,2,0
gorilla,SA,6.9000,0.8307,23.5693,19.1682,1.6541,1.2003,0.7264,0.0848,,0.0000,True,2,0
mug,SA,8.2000,1.6613,46.7353,25.3200,2.0250,1.5399,0.7856,0.1974,,0.0000,True,2,0
0003,SA,7.0000,0.0000,11.6252,0.0000,2.0412,0.0000,0.9283,0.0000,,0.0000,False,2,1
0005,SA,13.0000,0.0000,166.5707,0.0000,1.2003,0.0000,0.8978,0.0000,,0.0000,False,2,1
0006,SA,13.0000,0.0000,34.2645,0.0000,0.1466,0.0000,0.8509,0.0000,,0.0000,False,2,1
0007,SA,8.0000,0.0000,18.9771,0.0000,0.2083,0.0000,1.0587,0.0000,,0.0000,False,2,1
0008,SA,11.0000,0.0000,38.5684,0.0000,0.6020,0.0000,0.9595,0.0000,,0.0000,False,2,1
0009,SA,7.0000,0.0000,5.1076,0.0000,0.3728,0.0000,0.9428,0.0000,,0.0000,False,2,1
0010,SA,7.0000,0.0000,13.8143,0.0000,0.8165,0.0000,0.9081,0.0000,,0.0000,False,2,1
0012,SA,8.0000,0.0000,13.5894,0.0000,0.8164,0.0000,0.8606,0.0000,,0.0000,False,2,1
0013,SA,7.0000,0.0000,39.7911,0.0000,0.7390,0.0000,0.9119,0.0000,,0.0000,False,2,1
0015,SA,12.0000,0.0000,47.1922,0.0000,0.6288,0.0000,0.8135,0.0000,,0.0000,False,2,1
0016,SA,14.0000,0.0000,113.8125,0.0000,0.1186,0.0000,1.0211,0.0000,,0.0000,False,2,1
0017,SA,7.0000,0.0000,4.6955,0.0000,0.7394,0.0000,0.8127,0.0000,,0.0000,False,2,1
0021,SA,6.0000,0.0000,6.9630,0.0000,1.7379,0.0000,0.6811,0.0000,,0.0000,False,2,1
0022,SA,14.0000,0.0000,126.2497,0.0000,0.0493,0.0000,0.9341,0.0000,,0.0000,False,2,1
0026,SA,14.0000,0.0000,60.0755,0.0000,0.1596,0.0000,0.9118,0.0000,,0.0000,False,2,1
0029,SA,10.0000,0.0000,21.3471,0.0000,0.1371,0.0000,0.8749,0.0000,,0.0000,False,2,1
0030,SA,9.0000,0.0000,22.0172,0.0000,0.3534,0.0000,0.8174,0.0000,,0.0000,False,2,1
0031,SA,6.0000,0.0000,15.0316,0.0000,0.6318,0.0000,0.6779,0.0000,,0.0000,False,2,1
0034,SA,7.0000,0.0000,16.8018,0.0000,1.7206,0.0000,0.7943,0.0000,,0.0000,False,2,1
0036,SA,10.0000,0.0000,41.8399,0.0000,0.2512,0.0000,0.8347,0.0000,,0.0000,False,2,1
0038,SA,6.0000,0.0000,8.5327,0.0000,0.2407,0.0000,0.9393,0.0000,,0.0000,False,2,1
0041,SA,6.0000,0.0000,21.7428,0.0000,1.5344,0.0000,0.8639,0.0000,,0.0000,False,2,1
0042,SA,8.0000,0.0000,17.5643,0.0000,0.1692,0.0000,0.9181,0.0000,,0.0000,False,2,1
0043,SA,8.0000,0.0000,18.3526,0.0000,0.4959,0.0000,0.6370,0.0000,,0.0000,False,2,1
0044,SA,10.0000,0.0000,70.4183,0.0000,1.9114,0.0000,0.7826,0.0000,,0.0000,False,2,1
0046,SA,7.0000,0.0000,19.5560,0.0000,0.4118,0.0000,1.0127,0.0000,,0.0000,False,2,1
0050,SA,6.0000,0.0000,15.5397,0.0000,4.7115,0.0000,0.8629,0.0000,,0.0000,False,2,1
0051,SA,14.0000,0.0000,22.9852,0.0000,0.1935,0.0000,0.8348,0.0000,,0.0000,False,2,1
0052,SA,11.0000,0.0000,43.3353,0.0000,0.2377,0.0000,0.8915,0.0000,,0.0000,False,2,1
0056,SA,7.0000,0.0000,11.2826,0.0000,0.6843,0.0000,0.6972,0.0000,,0.0000,False,2,1
0062,SA,7.0000,0.0000,16.0739,0.0000,1.1803,0.0000,0.8257,0.0000,,0.0000,False,2,1
0066,SA,7.0000,0.0000,12.2727,0.0000,0.1288,0.0000,0.8921,0.0000,,0.0000,False,2,1
0067,SA,7.0000,0.0000,13.2847,0.0000,0.6257,0.0000,0.8831,0.0000,,0.0000,False,2,1
0068,SA,8.0000,0.0000,16.2355,0.0000,0.5183,0.0000,1.0223,0.0000,,0.0000,False,2,1
0071,SA,9.0000,0.0000,36.7171,0.0000,0.3320,0.0000,0.8955,0.0000,,0.0000,False,2,1
0073,SA,7.0000,0.0000,5.0906,0.0000,0.8323,0.0000,0.9503,0.0000,,0.0000,False,2,1
0077,SA,7.0000,0.0000,17.0432,0.0000,0.5047,0.0000,1.0295,0.0000,,0.0000,False,2,1
0078,SA,15.0000,0.0000,35.4529,0.0000,0.1841,0.0000,0.7232,0.0000,,0.0000,False,2,1
0081,SA,8.0000,0.0000,20.3552,0.0000,0.1286,0.0000,0.7136,0.0000,,0.0000,False,2,1
0082,SA,9.0000,0.0000,16.7152,0.0000,0.6918,0.0000,0.7556,0.0000,,0.0000,False,2,1
0083,SA,8.0000,0.0000,39.8560,0.0000,0.5701,0.0000,0.9292,0.0000,,0.0000,False,2,1
0084,SA,10.0000,0.0000,47.4455,0.0000,0.4095,0.0000,0.8579,0.0000,,0.0000,False,2,1
0088,SA,7.0000,0.0000,33.8855,0.0000,2.1626,0.0000,0.8676,0.0000,,0.0000,False,2,1
0089,SA,14.0000,0.0000,138.3770,0.0000,0.1230,0.0000,1.1064,0.0000,,0.0000,False,2,1
0090,SA,13.0000,0.0000,69.3536,0.0000,0.1855,0.0000,0.9690,0.0000,,0.0000,False,2,1
0093,SA,14.0000,0.0000,86.2184,0.0000,0.0267,0.0000,0.8032,0.0000,,0.0000,False,2,1
0094,SA,8.0000,0.0000,19.3021,0.0000,0.3712,0.0000,0.7394,0.0000,,0.0000,False,2,1
0095,SA,6.0000,0.0000,19.3772,0.0000,2.8334,0.0000,0.9633,0.0000,,0.0000,False,2,1
0099,SA,6.0000,0.0000,14.2520,0.0000,0.7615,0.0000,0.9009,0.0000,,0.0000,False,2,1
0102,SA,9.0000,0.0000,6.7094,0.0000,0.4670,0.0000,1.0339,0.0000,,0.0000,False,2,1
0106,SA,15.0000,0.0000,72.6999,0.0000,0.0546,0.0000,1.1719,0.0000,,0.0000,False,2,1
0107,SA,7.0000,0.0000,16.6167,0.0000,0.7935,0.0000,0.8084,0.0000,,0.0000,False,2,1
0108,SA,10.0000,0.0000,38.5544,0.0000,0.2695,0.0000,0.8917,0.0000,,0.0000,False,2,1
0109,SA,7.0000,0.0000,13.2910,0.0000,0.8403,0.0000,0.7596,0.0000,,0.0000,False,2,1
0110,SA,6.0000,0.0000,14.4530,0.0000,2.6265,0.0000,0.8844,0.0000,,0.0000,False,2,1
bell,Potential Field,5.9000,0.5385,22.3853,9.1006,4.4891,1.4119,0.4721,0.0877,,0.0000,True,3,0
bracket,Potential Field,4.9000,0.3000,7.8670,4.3176,8.1852,2.3933,0.6678,0.1855,,0.0000,True,3,0
cat,Potential Field,6.1000,0.7000,15.9374,6.8635,3.7433,1.4619,0.5776,0.0643,,0.0000,True,3,0
goku,Potential Field,8.4000,0.6633,32.3000,8.4000,0.7867,0.3104,0.6631,0.0316,,0.0000,True,3,0
gorilla,Potential Field,5.5000,0.5000,11.3228,3.3246,5.5367,1.8105,0.5799,0.0612,,0.0000,True,3,0
mug,Potential Field,5.3000,0.4583,16.5849,6.5824,8.0294,1.5142,0.5303,0.0777,,0.0000,True,3,0
0003,Potential Field,5.0000,0.0000,16.6502,3.3334,8.7540,2.1089,0.6157,0.0783,,0.0000,False,3,1
0005,Potential Field,3.0000,0.0000,2.4915,0.0000,23.8756,0.0000,0.6284,0.0000,,0.0000,False,3,1
0006,Potential Field,6.0000,0.0000,23.3737,0.0000,3.5205,0.0000,0.6710,0.0000,,0.0000,False,3,1
0007,Potential Field,3.0000,0.0000,0.1502,0.0000,20.6160,0.0000,0.6509,0.0000,,0.0000,False,3,1
0008,Potential Field,8.0000,0.0000,53.7993,0.0000,1.6988,0.0000,0.7683,0.0000,,0.0000,False,3,1
0009,Potential Field,4.0000,0.0000,3.3138,0.0000,11.8199,0.0000,0.6408,0.0000,,0.0000,False,3,1
0010,Potential Field,3.0000,0.0000,0.1580,0.0000,24.3374,0.0000,0.4683,0.0000,,0.0000,False,3,1
0012,Potential Field,4.0000,0.0000,5.3859,0.0000,15.2003,0.0000,0.4649,0.0000,,0.0000,False,3,1
0013,Potential Field,4.0000,0.0000,7.0962,0.0000,16.1076,0.0000,0.0918,0.0000,,0.0000,False,3,1
0015,Potential Field,4.0000,0.0000,8.8719,0.0000,14.6286,0.0000,0.6605,0.0000,,0.0000,False,3,1
0016,Potential Field,6.0000,0.0000,24.9407,0.0000,7.1164,0.0000,0.4645,0.0000,,0.0000,False,3,1
0017,Potential Field,8.0000,0.0000,39.7468,0.0000,3.4382,0.0000,0.6290,0.0000,,0.0000,False,3,1
0021,Potential Field,5.0000,0.0000,11.2545,0.0000,8.3354,0.0000,0.5817,0.0000,,0.0000,False,3,1
0022,Potential Field,6.0000,0.0000,24.9613,0.0000,2.8922,0.0000,1.0720,0.0000,,0.0000,False,3,1
0026,Potential Field,4.0000,0.0000,8.0342,0.0000,15.7900,0.0000,0.6726,0.0000,,0.0000,False,3,1
0029,Potential Field,3.0000,0.0000,0.7610,0.0000,25.2648,0.0000,0.4757,0.0000,,0.0000,False,3,1
0030,Potential Field,6.0000,0.0000,19.2940,0.0000,4.0713,0.0000,0.9309,0.0000,,0.0000,False,3,1
0031,Potential Field,3.0000,0.0000,0.1507,0.0000,26.6722,0.0000,0.2314,0.0000,,0.0000,False,3,1
0034,Potential Field,5.0000,0.0000,8.3132,0.0000,11.9470,0.0000,0.7672,0.0000,,0.0000,False,3,1
0036,Potential Field,4.0000,0.0000,2.9012,0.0000,12.9250,0.0000,0.5948,0.0000,,0.0000,False,3,1
0038,Potential Field,4.0000,0.0000,5.7648,0.0000,13.2272,0.0000,0.5687,0.0000,,0.0000,False,3,1
0041,Potential Field,4.0000,0.0000,3.8610,0.0000,12.7343,0.0000,0.4886,0.0000,,0.0000,False,3,1
0042,Potential Field,4.0000,0.0000,12.6999,0.0000,6.7953,0.0000,0.6501,0.0000,,0.0000,False,3,1
0043,Potential Field,7.0000,0.0000,38.0493,0.0000,2.8067,0.0000,0.6881,0.0000,,0.0000,False,3,1
0044,Potential Field,3.0000,0.0000,2.0125,0.0000,23.3187,0.0000,0.6393,0.0000,,0.0000,False,3,1
0046,Potential Field,4.0000,0.0000,4.8964,0.0000,13.2333,0.0000,0.7963,0.0000,,0.0000,False,3,1
0050,Potential Field,3.0000,0.0000,2.3616,0.0000,18.8051,0.0000,0.6862,0.0000,,0.0000,False,3,1
0051,Potential Field,6.0000,0.0000,19.7442,0.0000,6.2045,0.0000,0.5225,0.0000,,0.0000,False,3,1
0052,Potential Field,5.0000,0.0000,19.9494,0.0000,5.9459,0.0000,0.9423,0.0000,,0.0000,False,3,1
0056,Potential Field,7.0000,0.0000,31.6572,0.0000,1.8717,0.0000,0.6993,0.0000,,0.0000,False,3,1
0062,Potential Field,3.0000,0.0000,0.1814,0.0000,26.8180,0.0000,0.4927,0.0000,,0.0000,False,3,1
0066,Potential Field,6.0000,0.0000,29.8507,0.0000,1.7292,0.0000,0.9134,0.0000,,0.0000,False,3,1
0067,Potential Field,4.0000,0.0000,3.7496,0.0000,11.4384,0.0000,0.6876,0.0000,,0.0000,False,3,1
0068,Potential Field,5.0000,0.0000,12.7059,0.0000,1.6447,0.0000,1.0836,0.0000,,0.0000,False,3,1
0071,Potential Field,5.0000,0.0000,13.2964,0.0000,8.6226,0.0000,0.6693,0.0000,,0.0000,False,3,1
0073,Potential Field,4.0000,0.0000,2.8496,0.0000,15.2282,0.0000,0.5424,0.0000,,0.0000,False,3,1
0077,Potential Field,5.0000,0.0000,11.2824,0.0000,9.7462,0.0000,0.5426,0.0000,,0.0000,False,3,1
0078,Potential Field,8.0000,0.0000,54.2991,0.0000,2.9715,0.0000,0.6447,0.0000,,0.0000,False,3,1
0081,Potential Field,3.0000,0.0000,1.9173,0.0000,21.5906,0.0000,0.3187,0.0000,,0.0000,False,3,1
0082,Potential Field,8.0000,0.0000,41.2769,0.0000,1.2800,0.0000,0.6273,0.0000,,0.0000,False,3,1
0083,Potential Field,5.0000,0.0000,18.5119,0.0000,7.1542,0.0000,0.7367,0.0000,,0.0000,False,3,1
0084,Potential Field,6.0000,0.0000,30.6960,0.0000,2.4408,0.0000,0.7774,0.0000,,0.0000,False,3,1
0088,Potential Field,4.0000,0.0000,3.5532,0.0000,14.3247,0.0000,0.4347,0.0000,,0.0000,False,3,1
0089,Potential Field,7.0000,0.0000,33.3120,0.0000,3.6353,0.0000,0.5647,0.0000,,0.0000,False,3,1
0090,Potential Field,12.0000,0.0000,208.5664,0.0000,0.6851,0.0000,0.7784,0.0000,,0.0000,False,3,1
0093,Potential Field,8.0000,0.0000,49.5184,0.0000,1.3443,0.0000,0.9875,0.0000,,0.0000,False,3,1
0094,Potential Field,6.0000,0.0000,21.0072,0.0000,3.7647,0.0000,0.5756,0.0000,,0.0000,False,3,1
0095,Potential Field,4.0000,0.0000,13.6752,0.0000,14.5673,0.0000,0.4096,0.0000,,0.0000,False,3,1
0099,Potential Field,5.0000,0.0000,11.1605,0.0000,10.0955,0.0000,0.4446,0.0000,,0.0000,False,3,1
0102,Potential Field,5.0000,0.0000,14.4496,0.0000,7.1186,0.0000,0.8079,0.0000,,0.0000,False,3,1
0106,Potential Field,6.0000,0.0000,22.9257,0.0000,8.1001,0.0000,0.6849,0.0000,,0.0000,False,3,1
0107,Potential Field,4.0000,0.0000,5.6202,0.0000,12.4536,0.0000,0.6815,0.0000,,0.0000,False,3,1
0108,Potential Field,4.0000,0.0000,3.2138,0.0000,13.2084,0.0000,0.7222,0.0000,,0.0000,False,3,1
0109,Potential Field,5.0000,0.0000,15.1149,0.0000,8.2502,0.0000,0.5253,0.0000,,0.0000,False,3,1
0110,Potential Field,6.0000,0.0000,27.6026,0.0000,5.8488,0.0000,0.5826,0.0000,,0.0000,False,3,1
