model,is_named,method,#VP_m,#VP_s,Time_m,Time_s,Excl_m,Excl_s,CV_m,CV_s
bell,True,Greedy,17.600000,1.743560,74.824347,10.855980,0.070946,0.046803,0.763824,0.045550
bell,True,Genetic (RKGA),7.700000,0.781025,20.145759,2.049922,0.746364,0.255868,0.483278,0.055541
bell,True,SA,8.200000,2.135416,54.028386,42.655960,1.167359,0.618893,0.536610,0.078785
bell,True,Potential Field,5.900000,0.538516,22.385327,9.100635,4.489102,1.411871,0.472119,0.087733
bracket,True,Greedy,5.800000,0.748331,8.424587,1.065153,3.627184,2.821924,0.721798,0.178179
bracket,True,Genetic (RKGA),4.000000,0.000000,13.740431,1.070583,10.479750,3.185667,0.760135,0.203191
bracket,True,SA,10.100000,4.592385,30.740015,33.361225,1.573517,1.577502,0.918429,0.153141
bracket,True,Potential Field,4.900000,0.300000,7.866988,4.317563,8.185206,2.393276,0.667786,0.185488
cat,True,Greedy,9.400000,1.200000,19.736949,2.559791,0.383929,0.209632,0.671706,0.047272
cat,True,Genetic (RKGA),8.000000,0.632456,26.421621,1.700531,0.622432,0.203735,0.638760,0.050352
cat,True,SA,8.100000,0.943398,31.420753,10.285879,0.838696,0.580356,0.695754,0.082230
cat,True,Potential Field,6.100000,0.700000,15.937420,6.863507,3.743260,1.461943,0.577625,0.064339
goku,True,Greedy,12.800000,1.661325,17.734161,2.337599,0.103305,0.051022,0.672221,0.047013
goku,True,Genetic (RKGA),8.500000,0.921954,31.246758,4.392190,0.432689,0.209055,0.593831,0.061353
goku,True,SA,8.300000,1.268858,27.946719,13.324355,0.689151,0.676743,0.726093,0.133578
goku,True,Potential Field,8.400000,0.663325,32.300000,8.400000,0.786652,0.310396,0.663061,0.031647
gorilla,True,Greedy,6.700000,0.458258,15.989347,1.035867,1.424499,0.586747,0.710712,0.077781
gorilla,True,Genetic (RKGA),6.000000,0.000000,18.794100,0.978911,2.212464,0.733467,0.631091,0.062962
gorilla,True,SA,6.900000,0.830662,23.569326,19.168217,1.654080,1.200263,0.726365,0.084761
gorilla,True,Potential Field,5.500000,0.500000,11.322847,3.324630,5.536737,1.810501,0.579876,0.061192
mug,True,Greedy,8.800000,0.979796,25.604370,3.005710,1.000372,0.604807,0.811291,0.075253
mug,True,Genetic (RKGA),5.800000,0.600000,17.534233,2.477110,5.369696,2.418785,0.556279,0.095194
mug,True,SA,8.200000,1.661325,46.735251,25.319992,2.025050,1.539877,0.785628,0.197373
mug,True,Potential Field,5.300000,0.458258,16.584918,6.582358,8.029412,1.514154,0.530308,0.077682
0042,False,Greedy,5.000000,0.000000,9.963441,0.000000,6.468869,0.000000,0.880984,0.000000
0042,False,Genetic (RKGA),7.000000,0.000000,33.280406,0.000000,0.115144,0.000000,0.684918,0.000000
0042,False,SA,8.000000,0.000000,17.564308,0.000000,0.169228,0.000000,0.918094,0.000000
0042,False,Potential Field,4.000000,0.000000,12.699900,0.000000,6.795271,0.000000,0.650141,0.000000
0046,False,Greedy,14.000000,0.000000,7.705218,0.000000,0.127561,0.000000,0.782734,0.000000
0046,False,Genetic (RKGA),5.000000,0.000000,18.134095,0.000000,1.491832,0.000000,1.030916,0.000000
0046,False,SA,7.000000,0.000000,19.556024,0.000000,0.411790,0.000000,1.012689,0.000000
0046,False,Potential Field,4.000000,0.000000,4.896422,0.000000,13.233254,0.000000,0.796318,0.000000
0010,False,Greedy,3.000000,0.000000,5.316355,0.000000,31.395175,0.000000,0.515865,0.000000
0010,False,Genetic (RKGA),3.000000,0.000000,10.703151,0.000000,22.173748,0.000000,0.573105,0.000000
0010,False,SA,7.000000,0.000000,13.814298,0.000000,0.816481,0.000000,0.908114,0.000000
0010,False,Potential Field,3.000000,0.000000,0.158028,0.000000,24.337425,0.000000,0.468343,0.000000
0071,False,Greedy,11.000000,0.000000,14.280296,0.000000,0.077848,0.000000,0.797991,0.000000
0071,False,Genetic (RKGA),4.000000,0.000000,14.537742,0.000000,6.452065,0.000000,0.807188,0.000000
0071,False,SA,9.000000,0.000000,36.717073,0.000000,0.332047,0.000000,0.895460,0.000000
0071,False,Potential Field,5.000000,0.000000,13.296411,0.000000,8.622620,0.000000,0.669265,0.000000
0050,False,Greedy,9.000000,0.000000,20.318088,0.000000,0.450836,0.000000,0.817512,0.000000
0050,False,Genetic (RKGA),3.000000,0.000000,13.901469,0.000000,19.811263,0.000000,0.723070,0.000000
0050,False,SA,6.000000,0.000000,15.539728,0.000000,4.711468,0.000000,0.862896,0.000000
0050,False,Potential Field,3.000000,0.000000,2.361642,0.000000,18.805135,0.000000,0.686227,0.000000
0089,False,Greedy,13.000000,0.000000,32.996130,0.000000,0.102793,0.000000,0.677345,0.000000
0089,False,Genetic (RKGA),8.000000,0.000000,22.698537,0.000000,1.162195,0.000000,0.736977,0.000000
0089,False,SA,14.000000,0.000000,138.376977,0.000000,0.122951,0.000000,1.106388,0.000000
0089,False,Potential Field,7.000000,0.000000,33.312045,0.000000,3.635296,0.000000,0.564721,0.000000
0108,False,Greedy,4.000000,0.000000,8.377899,0.000000,10.810182,0.000000,0.688704,0.000000
0108,False,Genetic (RKGA),3.000000,0.000000,12.378163,0.000000,16.874651,0.000000,0.586612,0.000000
0108,False,SA,10.000000,0.000000,38.554438,0.000000,0.269461,0.000000,0.891698,0.000000
0108,False,Potential Field,4.000000,0.000000,3.213793,0.000000,13.208427,0.000000,0.722171,0.000000
0077,False,Greedy,7.000000,0.000000,11.222212,0.000000,0.182728,0.000000,1.002533,0.000000
0077,False,Genetic (RKGA),4.000000,0.000000,17.257609,0.000000,12.282056,0.000000,0.552150,0.000000
0077,False,SA,7.000000,0.000000,17.043155,0.000000,0.504658,0.000000,1.029457,0.000000
0077,False,Potential Field,5.000000,0.000000,11.282437,0.000000,9.746211,0.000000,0.542568,0.000000
0026,False,Greedy,10.000000,0.000000,20.885912,0.000000,0.232869,0.000000,0.930543,0.000000
0026,False,Genetic (RKGA),4.000000,0.000000,15.922306,0.000000,0.999800,0.000000,0.986936,0.000000
0026,False,SA,14.000000,0.000000,60.075543,0.000000,0.159649,0.000000,0.911832,0.000000
0026,False,Potential Field,4.000000,0.000000,8.034194,0.000000,15.790000,0.000000,0.672553,0.000000
0081,False,Greedy,9.000000,0.000000,14.449389,0.000000,0.103578,0.000000,0.435420,0.000000
0081,False,Genetic (RKGA),3.000000,0.000000,9.498084,0.000000,20.316239,0.000000,0.269864,0.000000
0081,False,SA,8.000000,0.000000,20.355221,0.000000,0.128634,0.000000,0.713555,0.000000
0081,False,Potential Field,3.000000,0.000000,1.917259,0.000000,21.590613,0.000000,0.318745,0.000000
0099,False,Greedy,7.000000,0.000000,10.865483,0.000000,1.004848,0.000000,0.928214,0.000000
0099,False,Genetic (RKGA),4.000000,0.000000,13.264963,0.000000,4.526327,0.000000,0.952359,0.000000
0099,False,SA,6.000000,0.000000,14.251975,0.000000,0.761494,0.000000,0.900886,0.000000
0099,False,Potential Field,5.000000,0.000000,11.160518,0.000000,10.095521,0.000000,0.444636,0.000000
0029,False,Greedy,9.000000,0.000000,9.083643,0.000000,0.478153,0.000000,0.700412,0.000000
0029,False,Genetic (RKGA),3.000000,0.000000,10.045711,0.000000,25.883023,0.000000,0.512739,0.000000
0029,False,SA,10.000000,0.000000,21.347068,0.000000,0.137117,0.000000,0.874884,0.000000
0029,False,Potential Field,3.000000,0.000000,0.760986,0.000000,25.264780,0.000000,0.475705,0.000000
0083,False,Greedy,6.000000,0.000000,11.505292,0.000000,1.886166,0.000000,0.637910,0.000000
0083,False,Genetic (RKGA),6.000000,0.000000,20.782823,0.000000,1.632402,0.000000,0.568549,0.000000
0083,False,SA,8.000000,0.000000,39.855955,0.000000,0.570056,0.000000,0.929172,0.000000
0083,False,Potential Field,5.000000,0.000000,18.511876,0.000000,7.154219,0.000000,0.736661,0.000000
0007,False,Greedy,5.000000,0.000000,2.761324,0.000000,2.170654,0.000000,0.633113,0.000000
0007,False,Genetic (RKGA),3.000000,0.000000,11.699036,0.000000,16.657531,0.000000,0.625383,0.000000
0007,False,SA,8.000000,0.000000,18.977123,0.000000,0.208257,0.000000,1.058693,0.000000
0007,False,Potential Field,3.000000,0.000000,0.150224,0.000000,20.616041,0.000000,0.650938,0.000000
0013,False,Greedy,5.000000,0.000000,5.400964,0.000000,0.254413,0.000000,0.876220,0.000000
0013,False,Genetic (RKGA),5.000000,0.000000,16.005497,0.000000,2.967920,0.000000,0.497025,0.000000
0013,False,SA,7.000000,0.000000,39.791096,0.000000,0.739013,0.000000,0.911897,0.000000
0013,False,Potential Field,4.000000,0.000000,7.096236,0.000000,16.107614,0.000000,0.091806,0.000000
0051,False,Greedy,6.000000,0.000000,10.196134,0.000000,2.232804,0.000000,0.873163,0.000000
0051,False,Genetic (RKGA),3.000000,0.000000,11.546244,0.000000,21.068473,0.000000,0.536769,0.000000
0051,False,SA,14.000000,0.000000,22.985231,0.000000,0.193450,0.000000,0.834821,0.000000
0051,False,Potential Field,6.000000,0.000000,19.744157,0.000000,6.204540,0.000000,0.522493,0.000000
0066,False,Greedy,6.000000,0.000000,5.921956,0.000000,0.267463,0.000000,0.944564,0.000000
0066,False,Genetic (RKGA),8.000000,0.000000,33.650000,0.000000,0.514517,0.000000,0.881749,0.000000
0066,False,SA,7.000000,0.000000,12.272688,0.000000,0.128842,0.000000,0.892074,0.000000
0066,False,Potential Field,6.000000,0.000000,29.850668,0.000000,1.729213,0.000000,0.913369,0.000000
0021,False,Greedy,4.000000,0.000000,6.837792,0.000000,3.703704,0.000000,0.704715,0.000000
0021,False,Genetic (RKGA),5.000000,0.000000,13.355558,0.000000,3.178840,0.000000,0.630324,0.000000
0021,False,SA,6.000000,0.000000,6.963046,0.000000,1.737892,0.000000,0.681139,0.000000
0021,False,Potential Field,5.000000,0.000000,11.254477,0.000000,8.335370,0.000000,0.581670,0.000000
0030,False,Greedy,5.000000,0.000000,5.340435,0.000000,0.152020,0.000000,0.880674,0.000000
0030,False,Genetic (RKGA),6.000000,0.000000,19.722546,0.000000,1.036236,0.000000,0.702668,0.000000
0030,False,SA,9.000000,0.000000,22.017164,0.000000,0.353431,0.000000,0.817427,0.000000
0030,False,Potential Field,6.000000,0.000000,19.294018,0.000000,4.071272,0.000000,0.930929,0.000000
0036,False,Greedy,8.000000,0.000000,8.769076,0.000000,0.520910,0.000000,0.725573,0.000000
0036,False,Genetic (RKGA),4.000000,0.000000,13.576689,0.000000,9.983016,0.000000,0.808464,0.000000
0036,False,SA,10.000000,0.000000,41.839888,0.000000,0.251180,0.000000,0.834692,0.000000
0036,False,Potential Field,4.000000,0.000000,2.901187,0.000000,12.925009,0.000000,0.594765,0.000000
0006,False,Greedy,6.000000,0.000000,9.515222,0.000000,2.061625,0.000000,0.897673,0.000000
0006,False,Genetic (RKGA),6.000000,0.000000,23.735338,0.000000,0.381605,0.000000,0.734886,0.000000
0006,False,SA,13.000000,0.000000,34.264490,0.000000,0.146606,0.000000,0.850878,0.000000
0006,False,Potential Field,6.000000,0.000000,23.373713,0.000000,3.520482,0.000000,0.670960,0.000000
0082,False,Greedy,7.000000,0.000000,6.326466,0.000000,0.471439,0.000000,0.725757,0.000000
0082,False,Genetic (RKGA),6.000000,0.000000,21.879351,0.000000,1.548587,0.000000,0.671753,0.000000
0082,False,SA,9.000000,0.000000,16.715240,0.000000,0.691767,0.000000,0.755649,0.000000
0082,False,Potential Field,8.000000,0.000000,41.276938,0.000000,1.280004,0.000000,0.627306,0.000000
0015,False,Greedy,4.000000,0.000000,7.261626,0.000000,13.179116,0.000000,0.717825,0.000000
0015,False,Genetic (RKGA),4.000000,0.000000,13.352638,0.000000,5.795000,0.000000,1.044651,0.000000
0015,False,SA,12.000000,0.000000,47.192197,0.000000,0.628841,0.000000,0.813548,0.000000
0015,False,Potential Field,4.000000,0.000000,8.871899,0.000000,14.628571,0.000000,0.660457,0.000000
0093,False,Greedy,26.000000,0.000000,49.152498,0.000000,0.014908,0.000000,0.902808,0.000000
0093,False,Genetic (RKGA),9.000000,0.000000,52.856457,0.000000,0.146742,0.000000,0.822428,0.000000
0093,False,SA,14.000000,0.000000,86.218416,0.000000,0.026652,0.000000,0.803243,0.000000
0093,False,Potential Field,8.000000,0.000000,49.518418,0.000000,1.344335,0.000000,0.987542,0.000000
0073,False,Greedy,3.000000,0.000000,11.714901,0.000000,19.016859,0.000000,0.639946,0.000000
0073,False,Genetic (RKGA),3.000000,0.000000,11.983978,0.000000,18.382813,0.000000,0.708887,0.000000
0073,False,SA,7.000000,0.000000,5.090585,0.000000,0.832282,0.000000,0.950259,0.000000
0073,False,Potential Field,4.000000,0.000000,2.849583,0.000000,15.228212,0.000000,0.542373,0.000000
0016,False,Greedy,7.000000,0.000000,12.138715,0.000000,0.337434,0.000000,0.717504,0.000000
0016,False,Genetic (RKGA),7.000000,0.000000,21.799590,0.000000,0.814536,0.000000,0.956307,0.000000
0016,False,SA,14.000000,0.000000,113.812532,0.000000,0.118639,0.000000,1.021054,0.000000
0016,False,Potential Field,6.000000,0.000000,24.940674,0.000000,7.116392,0.000000,0.464457,0.000000
0062,False,Greedy,5.000000,0.000000,10.403010,0.000000,1.657253,0.000000,1.015043,0.000000
0062,False,Genetic (RKGA),2.000000,0.000000,8.891706,0.000000,48.235816,0.000000,0.000000,0.000000
0062,False,SA,7.000000,0.000000,16.073873,0.000000,1.180344,0.000000,0.825728,0.000000
0062,False,Potential Field,3.000000,0.000000,0.181408,0.000000,26.818021,0.000000,0.492739,0.000000
0044,False,Greedy,8.000000,0.000000,7.298480,0.000000,2.360315,0.000000,0.590152,0.000000
0044,False,Genetic (RKGA),2.000000,0.000000,8.601290,0.000000,48.379418,0.000000,0.000000,0.000000
0044,False,SA,10.000000,0.000000,70.418273,0.000000,1.911388,0.000000,0.782581,0.000000
0044,False,Potential Field,3.000000,0.000000,2.012524,0.000000,23.318687,0.000000,0.639259,0.000000
0031,False,Greedy,7.000000,0.000000,5.770174,0.000000,0.334896,0.000000,0.587164,0.000000
0031,False,Genetic (RKGA),3.000000,0.000000,9.230162,0.000000,23.631841,0.000000,0.538069,0.000000
0031,False,SA,6.000000,0.000000,15.031556,0.000000,0.631813,0.000000,0.677937,0.000000
0031,False,Potential Field,3.000000,0.000000,0.150650,0.000000,26.672241,0.000000,0.231443,0.000000
0034,False,Greedy,12.000000,0.000000,28.695239,0.000000,0.091777,0.000000,0.930533,0.000000
0034,False,Genetic (RKGA),7.000000,0.000000,18.165521,0.000000,2.069902,0.000000,0.650911,0.000000
0034,False,SA,7.000000,0.000000,16.801786,0.000000,1.720594,0.000000,0.794321,0.000000
0034,False,Potential Field,5.000000,0.000000,8.313234,0.000000,11.947025,0.000000,0.767222,0.000000
0038,False,Greedy,12.000000,0.000000,22.897481,0.000000,0.052676,0.000000,0.912808,0.000000
0038,False,Genetic (RKGA),4.000000,0.000000,16.581802,0.000000,11.179043,0.000000,0.504634,0.000000
0038,False,SA,6.000000,0.000000,8.532709,0.000000,0.240728,0.000000,0.939287,0.000000
0038,False,Potential Field,4.000000,0.000000,5.764799,0.000000,13.227159,0.000000,0.568699,0.000000
0009,False,Greedy,10.000000,0.000000,9.384500,0.000000,0.113145,0.000000,0.828814,0.000000
0009,False,Genetic (RKGA),3.000000,0.000000,11.952658,0.000000,16.597848,0.000000,0.547280,0.000000
0009,False,SA,7.000000,0.000000,5.107630,0.000000,0.372764,0.000000,0.942794,0.000000
0009,False,Potential Field,4.000000,0.000000,3.313812,0.000000,11.819887,0.000000,0.640794,0.000000
0109,False,Greedy,9.000000,0.000000,17.218775,0.000000,0.097096,0.000000,0.760908,0.000000
0109,False,Genetic (RKGA),5.000000,0.000000,19.209424,0.000000,1.322284,0.000000,0.702726,0.000000
0109,False,SA,7.000000,0.000000,13.291026,0.000000,0.840336,0.000000,0.759554,0.000000
0109,False,Potential Field,5.000000,0.000000,15.114892,0.000000,8.250230,0.000000,0.525283,0.000000
0012,False,Greedy,9.000000,0.000000,10.597458,0.000000,0.183187,0.000000,0.778373,0.000000
0012,False,Genetic (RKGA),3.000000,0.000000,12.635636,0.000000,20.237881,0.000000,0.292677,0.000000
0012,False,SA,8.000000,0.000000,13.589376,0.000000,0.816447,0.000000,0.860586,0.000000
0012,False,Potential Field,4.000000,0.000000,5.385921,0.000000,15.200325,0.000000,0.464855,0.000000
0003,False,Greedy,8.000000,0.000000,22.068224,0.000000,0.386588,0.000000,0.690723,0.000000
0003,False,Genetic (RKGA),4.000000,0.000000,14.609751,0.000000,8.557514,0.000000,1.169286,0.000000
0003,False,SA,7.000000,0.000000,11.625151,0.000000,2.041194,0.000000,0.928257,0.000000
0003,False,Potential Field,5.000000,0.000000,16.650217,3.333386,8.753951,2.108942,0.615690,0.078293
0084,False,Greedy,7.000000,0.000000,12.725694,0.000000,1.459646,0.000000,0.973425,0.000000
0084,False,Genetic (RKGA),5.000000,0.000000,21.349180,0.000000,1.724891,0.000000,0.770351,0.000000
0084,False,SA,10.000000,0.000000,47.445525,0.000000,0.409475,0.000000,0.857941,0.000000
0084,False,Potential Field,6.000000,0.000000,30.696008,0.000000,2.440801,0.000000,0.777422,0.000000
0017,False,Greedy,5.000000,0.000000,4.811948,0.000000,2.000000,0.000000,0.712062,0.000000
0017,False,Genetic (RKGA),8.000000,0.000000,24.894761,0.000000,0.601660,0.000000,0.587389,0.000000
0017,False,SA,7.000000,0.000000,4.695466,0.000000,0.739426,0.000000,0.812737,0.000000
0017,False,Potential Field,8.000000,0.000000,39.746767,0.000000,3.438222,0.000000,0.629030,0.000000
0052,False,Greedy,5.000000,0.000000,15.813884,0.000000,7.530225,0.000000,0.705322,0.000000
0052,False,Genetic (RKGA),6.000000,0.000000,22.435452,0.000000,1.652202,0.000000,0.863650,0.000000
0052,False,SA,11.000000,0.000000,43.335340,0.000000,0.237717,0.000000,0.891452,0.000000
0052,False,Potential Field,5.000000,0.000000,19.949413,0.000000,5.945946,0.000000,0.942286,0.000000
0088,False,Greedy,9.000000,0.000000,13.131119,0.000000,0.187009,0.000000,0.730157,0.000000
0088,False,Genetic (RKGA),3.000000,0.000000,11.238008,0.000000,20.838998,0.000000,0.402942,0.000000
0088,False,SA,7.000000,0.000000,33.885477,0.000000,2.162567,0.000000,0.867649,0.000000
0088,False,Potential Field,4.000000,0.000000,3.553243,0.000000,14.324746,0.000000,0.434738,0.000000
0106,False,Greedy,11.000000,0.000000,15.874665,0.000000,0.234503,0.000000,1.009787,0.000000
0106,False,Genetic (RKGA),5.000000,0.000000,16.426783,0.000000,4.206025,0.000000,1.137250,0.000000
0106,False,SA,15.000000,0.000000,72.699891,0.000000,0.054563,0.000000,1.171880,0.000000
0106,False,Potential Field,6.000000,0.000000,22.925745,0.000000,8.100124,0.000000,0.684933,0.000000
0005,False,Greedy,11.000000,0.000000,9.994244,0.000000,0.050749,0.000000,0.720502,0.000000
0005,False,Genetic (RKGA),2.000000,0.000000,8.851976,0.000000,48.396325,0.000000,0.000000,0.000000
0005,False,SA,13.000000,0.000000,166.570697,0.000000,1.200256,0.000000,0.897777,0.000000
0005,False,Potential Field,3.000000,0.000000,2.491493,0.000000,23.875593,0.000000,0.628426,0.000000
0107,False,Greedy,6.000000,0.000000,11.917859,0.000000,2.562891,0.000000,0.605717,0.000000
0107,False,Genetic (RKGA),3.000000,0.000000,10.309634,0.000000,25.394651,0.000000,0.499884,0.000000
0107,False,SA,7.000000,0.000000,16.616679,0.000000,0.793496,0.000000,0.808383,0.000000
0107,False,Potential Field,4.000000,0.000000,5.620246,0.000000,12.453640,0.000000,0.681518,0.000000
0041,False,Greedy,4.000000,0.000000,12.418160,0.000000,10.509469,0.000000,0.872988,0.000000
0041,False,Genetic (RKGA),4.000000,0.000000,14.109602,0.000000,3.307282,0.000000,0.122711,0.000000
0041,False,SA,6.000000,0.000000,21.742783,0.000000,1.534371,0.000000,0.863890,0.000000
0041,False,Potential Field,4.000000,0.000000,3.861020,0.000000,12.734315,0.000000,0.488627,0.000000
0067,False,Greedy,7.000000,0.000000,10.682162,0.000000,0.140342,0.000000,0.764970,0.000000
0067,False,Genetic (RKGA),6.000000,0.000000,24.611146,0.000000,0.285421,0.000000,0.912345,0.000000
0067,False,SA,7.000000,0.000000,13.284705,0.000000,0.625731,0.000000,0.883106,0.000000
0067,False,Potential Field,4.000000,0.000000,3.749625,0.000000,11.438369,0.000000,0.687618,0.000000
0095,False,Greedy,7.000000,0.000000,16.398772,0.000000,0.839820,0.000000,0.615139,0.000000
0095,False,Genetic (RKGA),5.000000,0.000000,15.630800,0.000000,3.125000,0.000000,0.616690,0.000000
0095,False,SA,6.000000,0.000000,19.377196,0.000000,2.833398,0.000000,0.963331,0.000000
0095,False,Potential Field,4.000000,0.000000,13.675185,0.000000,14.567271,0.000000,0.409613,0.000000
