model,method,n_seeds,samples_points,samples_viewpoints,samples_pairs,num_viewpoints_mean,num_viewpoints_std,coverage_auc_mean,coverage_auc_std,solution_time_mean,solution_time_std,exclusive_area_mean,exclusive_area_std,overlap_mean,overlap_std,cv_overlap_mean,cv_overlap_std,overlap_entropy_mean,overlap_entropy_std,gini_overlap_mean,gini_overlap_std
0003,Genetic (RKGA),1,5390,4,12,4.000000,0.000000,10.478908,0.000000,14.609751,0.000000,8.557514,0.000000,0.219473,0.000000,1.169286,0.000000,0.384240,0.000000,0.564888,0.000000
0005,Genetic (RKGA),1,5768,2,2,2.000000,0.000000,6.575977,0.000000,8.851976,0.000000,48.396325,0.000000,0.031738,0.000000,0.000000,0.000000,0.000000,0.000000,0.000000,0.000000
0006,Genetic (RKGA),1,5110,6,30,6.000000,0.000000,17.121755,0.000000,23.735338,0.000000,0.381605,0.000000,0.356355,0.000000,0.734886,0.000000,0.824254,0.000000,0.372737,0.000000
0007,Genetic (RKGA),1,5473,3,6,3.000000,0.000000,8.659530,0.000000,11.699036,0.000000,16.657531,0.000000,0.277119,0.000000,0.625383,0.000000,0.528558,0.000000,0.312691,0.000000
0009,Genetic (RKGA),1,5328,3,6,3.000000,0.000000,8.841431,0.000000,11.952658,0.000000,16.597848,0.000000,0.254155,0.000000,0.547280,0.000000,0.694087,0.000000,0.273640,0.000000
0010,Genetic (RKGA),1,5272,3,6,3.000000,0.000000,7.763908,0.000000,10.703151,0.000000,22.173748,0.000000,0.185896,0.000000,0.573105,0.000000,0.628896,0.000000,0.286552,0.000000
0012,Genetic (RKGA),1,5549,3,6,3.000000,0.000000,8.924625,0.000000,12.635636,0.000000,20.237881,0.000000,0.176783,0.000000,0.292677,0.000000,0.923573,0.000000,0.146338,0.000000
0013,Genetic (RKGA),1,5081,5,20,5.000000,0.000000,11.125356,0.000000,16.005497,0.000000,2.967920,0.000000,0.212719,0.000000,0.497025,0.000000,0.869058,0.000000,0.267920,0.000000
0015,Genetic (RKGA),1,5000,4,12,4.000000,0.000000,9.448985,0.000000,13.352638,0.000000,5.795000,0.000000,0.255547,0.000000,1.044651,0.000000,0.523694,0.000000,0.510741,0.000000
0016,Genetic (RKGA),1,5244,7,42,7.000000,0.000000,14.728133,0.000000,21.799590,0.000000,0.814536,0.000000,0.245490,0.000000,0.956307,0.000000,0.759098,0.000000,0.454012,0.000000
0017,Genetic (RKGA),1,4820,8,56,8.000000,0.000000,17.657393,0.000000,24.894761,0.000000,0.601660,0.000000,0.299950,0.000000,0.587389,0.000000,0.906291,0.000000,0.316686,0.000000
0021,Genetic (RKGA),1,4121,5,20,5.000000,0.000000,9.487578,0.000000,13.355558,0.000000,3.178840,0.000000,0.234594,0.000000,0.630324,0.000000,0.836182,0.000000,0.344118,0.000000
0026,Genetic (RKGA),1,5001,4,12,4.000000,0.000000,11.762056,0.000000,15.922306,0.000000,0.999800,0.000000,0.320610,0.000000,0.986936,0.000000,0.581277,0.000000,0.477159,0.000000
0029,Genetic (RKGA),1,5266,3,6,3.000000,0.000000,6.915811,0.000000,10.045711,0.000000,25.883023,0.000000,0.104045,0.000000,0.512739,0.000000,0.769381,0.000000,0.256370,0.000000
0030,Genetic (RKGA),1,5179,6,30,6.000000,0.000000,13.953251,0.000000,19.722546,0.000000,1.036236,0.000000,0.223008,0.000000,0.702668,0.000000,0.840328,0.000000,0.371759,0.000000
0031,Genetic (RKGA),1,4824,3,6,3.000000,0.000000,5.948205,0.000000,9.230162,0.000000,23.631841,0.000000,0.180711,0.000000,0.538069,0.000000,0.712493,0.000000,0.269034,0.000000
0034,Genetic (RKGA),1,5052,7,42,7.000000,0.000000,11.689843,0.000000,18.165521,0.000000,2.069902,0.000000,0.181456,0.000000,0.650911,0.000000,0.872905,0.000000,0.349731,0.000000
0036,Genetic (RKGA),1,5299,4,12,4.000000,0.000000,9.849297,0.000000,13.576689,0.000000,9.983016,0.000000,0.257821,0.000000,0.808464,0.000000,0.644936,0.000000,0.398319,0.000000
0038,Genetic (RKGA),1,5602,4,12,4.000000,0.000000,12.154734,0.000000,16.581802,0.000000,11.179043,0.000000,0.389899,0.000000,0.504634,0.000000,0.828357,0.000000,0.257799,0.000000
0041,Genetic (RKGA),1,5246,4,12,4.000000,0.000000,10.252623,0.000000,14.109602,0.000000,3.307282,0.000000,0.196867,0.000000,0.122711,0.000000,0.992295,0.000000,0.065246,0.000000
0042,Genetic (RKGA),1,5459,7,42,7.000000,0.000000,24.271920,0.000000,33.280406,0.000000,0.115144,0.000000,0.338688,0.000000,0.684918,0.000000,0.862654,0.000000,0.376142,0.000000
0044,Genetic (RKGA),1,5461,2,2,2.000000,0.000000,6.179925,0.000000,8.601290,0.000000,48.379418,0.000000,0.032412,0.000000,0.000000,0.000000,0.000000,0.000000,0.000000,0.000000
0046,Genetic (RKGA),1,5081,5,20,5.000000,0.000000,12.822082,0.000000,18.134095,0.000000,1.491832,0.000000,0.330009,0.000000,1.030916,0.000000,0.601792,0.000000,0.512033,0.000000
0050,Genetic (RKGA),1,5475,3,6,3.000000,0.000000,9.687261,0.000000,13.901469,0.000000,19.811263,0.000000,0.263830,0.000000,0.723070,0.000000,0.461317,0.000000,0.361535,0.000000
0051,Genetic (RKGA),1,5316,3,6,3.000000,0.000000,7.725279,0.000000,11.546244,0.000000,21.068473,0.000000,0.164558,0.000000,0.536769,0.000000,0.758189,0.000000,0.268385,0.000000
0052,Genetic (RKGA),1,5185,6,30,6.000000,0.000000,15.835853,0.000000,22.435452,0.000000,1.652202,0.000000,0.275948,0.000000,0.863650,0.000000,0.758422,0.000000,0.457183,0.000000
0062,Genetic (RKGA),1,5640,2,2,2.000000,0.000000,6.577629,0.000000,8.891706,0.000000,48.235816,0.000000,0.035284,0.000000,0.000000,0.000000,0.000000,0.000000,0.000000,0.000000
0066,Genetic (RKGA),1,5442,8,56,8.000000,0.000000,23.222558,0.000000,33.650000,0.000000,0.514517,0.000000,0.349609,0.000000,0.881749,0.000000,0.782732,0.000000,0.447944,0.000000
0067,Genetic (RKGA),1,5197,6,30,6.000000,0.000000,17.793043,0.000000,24.611146,0.000000,0.285421,0.000000,0.322487,0.000000,0.912345,0.000000,0.731913,0.000000,0.470504,0.000000
0071,Genetic (RKGA),1,5351,4,12,4.000000,0.000000,10.158239,0.000000,14.537742,0.000000,6.452065,0.000000,0.222120,0.000000,0.807188,0.000000,0.698565,0.000000,0.423459,0.000000
0073,Genetic (RKGA),1,5322,3,6,3.000000,0.000000,8.765974,0.000000,11.983978,0.000000,18.382813,0.000000,0.244853,0.000000,0.708887,0.000000,0.542311,0.000000,0.354443,0.000000
0077,Genetic (RKGA),1,5506,4,12,4.000000,0.000000,12.403029,0.000000,17.257609,0.000000,12.282056,0.000000,0.332732,0.000000,0.552150,0.000000,0.798830,0.000000,0.281564,0.000000
0081,Genetic (RKGA),1,3900,3,6,3.000000,0.000000,7.244129,0.000000,9.498084,0.000000,20.316239,0.000000,0.209656,0.000000,0.269864,0.000000,0.927824,0.000000,0.134932,0.000000
0082,Genetic (RKGA),1,5166,6,30,6.000000,0.000000,15.978174,0.000000,21.879351,0.000000,1.548587,0.000000,0.296029,0.000000,0.671753,0.000000,0.855625,0.000000,0.362226,0.000000
0083,Genetic (RKGA),1,5156,6,30,6.000000,0.000000,14.650974,0.000000,20.782823,0.000000,1.632402,0.000000,0.252306,0.000000,0.568549,0.000000,0.880789,0.000000,0.313620,0.000000
0084,Genetic (RKGA),1,5496,5,20,5.000000,0.000000,14.827650,0.000000,21.349180,0.000000,1.724891,0.000000,0.269215,0.000000,0.770351,0.000000,0.752038,0.000000,0.404428,0.000000
0088,Genetic (RKGA),1,5149,3,6,3.000000,0.000000,7.735199,0.000000,11.238008,0.000000,20.838998,0.000000,0.174652,0.000000,0.402942,0.000000,0.855464,0.000000,0.201471,0.000000
0089,Genetic (RKGA),1,4883,8,56,8.000000,0.000000,14.817137,0.000000,22.698537,0.000000,1.162195,0.000000,0.201000,0.000000,0.736977,0.000000,0.848500,0.000000,0.400187,0.000000
0093,Genetic (RKGA),1,4846,9,72,9.000000,0.000000,36.424884,0.000000,52.856457,0.000000,0.146742,0.000000,0.347352,0.000000,0.822428,0.000000,0.829282,0.000000,0.438748,0.000000
0095,Genetic (RKGA),1,5120,5,20,5.000000,0.000000,11.043958,0.000000,15.630800,0.000000,3.125000,0.000000,0.219095,0.000000,0.616690,0.000000,0.839955,0.000000,0.331337,0.000000
0099,Genetic (RKGA),1,4634,4,12,4.000000,0.000000,9.844369,0.000000,13.264963,0.000000,4.526327,0.000000,0.274213,0.000000,0.952359,0.000000,0.611698,0.000000,0.452213,0.000000
0106,Genetic (RKGA),1,5378,5,20,5.000000,0.000000,11.042133,0.000000,16.426783,0.000000,4.206025,0.000000,0.228504,0.000000,1.137250,0.000000,0.520840,0.000000,0.549809,0.000000
0107,Genetic (RKGA),1,5110,3,6,3.000000,0.000000,7.154464,0.000000,10.309634,0.000000,25.394651,0.000000,0.112127,0.000000,0.499884,0.000000,0.787389,0.000000,0.249942,0.000000
0108,Genetic (RKGA),1,5369,3,6,3.000000,0.000000,9.142341,0.000000,12.378163,0.000000,16.874651,0.000000,0.255904,0.000000,0.586612,0.000000,0.660212,0.000000,0.293306,0.000000
0109,Genetic (RKGA),1,5430,5,20,5.000000,0.000000,14.366279,0.000000,19.209424,0.000000,1.322284,0.000000,0.310196,0.000000,0.702726,0.000000,0.819361,0.000000,0.358612,0.000000
bell,Genetic (RKGA),10,38937,77,522,7.700000,0.781025,14.217987,1.391512,20.145759,2.049922,0.746364,0.255868,0.248813,0.018636,0.483278,0.055541,0.938210,0.010350,0.248437,0.029436
bracket,Genetic (RKGA),10,51678,40,120,4.000000,0.000000,9.648601,1.001616,13.740431,1.070583,10.479750,3.185667,0.220000,0.047351,0.760135,0.203191,0.697159,0.121401,0.374712,0.091447
cat,Genetic (RKGA),10,49764,80,564,8.000000,0.632456,18.174726,1.235782,26.421621,1.700531,0.622432,0.203735,0.232770,0.011918,0.638760,0.050352,0.891007,0.011041,0.341593,0.023082
goku,Genetic (RKGA),10,48170,85,646,8.500000,0.921954,21.598389,3.136115,31.246758,4.392190,0.432689,0.209055,0.264911,0.020246,0.593831,0.061353,0.908851,0.016850,0.318842,0.029185
gorilla,Genetic (RKGA),10,48886,60,300,6.000000,0.000000,12.901805,0.918603,18.794100,0.978911,2.212464,0.733467,0.206259,0.017321,0.631091,0.062962,0.859640,0.021503,0.339013,0.031472
mug,Genetic (RKGA),10,49096,58,282,5.800000,0.600000,11.456544,2.015290,17.534233,2.477110,5.369696,2.418785,0.182702,0.014916,0.556279,0.095194,0.893997,0.028999,0.292426,0.047330
0003,Greedy,1,12772,8,56,8.000000,0.000000,17.675735,0.000000,22.068224,0.000000,0.386588,0.000000,0.231778,0.000000,0.690723,0.000000,0.871217,0.000000,0.368510,0.000000
0005,Greedy,1,13435,11,110,11.000000,0.000000,8.449790,0.000000,9.994244,0.000000,0.050749,0.000000,0.283932,0.000000,0.720502,0.000000,0.881352,0.000000,0.392217,0.000000
0006,Greedy,1,13436,6,30,6.000000,0.000000,7.179715,0.000000,9.515222,0.000000,2.061625,0.000000,0.254646,0.000000,0.897673,0.000000,0.741864,0.000000,0.468060,0.000000
0007,Greedy,1,13876,5,20,5.000000,0.000000,1.896784,0.000000,2.761324,0.000000,2.170654,0.000000,0.252665,0.000000,0.633113,0.000000,0.830612,0.000000,0.340816,0.000000
0009,Greedy,1,13169,10,90,10.000000,0.000000,7.990593,0.000000,9.384500,0.000000,0.113145,0.000000,0.347589,0.000000,0.828814,0.000000,0.827248,0.000000,0.449241,0.000000
0010,Greedy,1,13346,3,6,3.000000,0.000000,3.316756,0.000000,5.316355,0.000000,31.395175,0.000000,0.035615,0.000000,0.515865,0.000000,0.775131,0.000000,0.257933,0.000000
0012,Greedy,1,13344,9,72,9.000000,0.000000,8.765350,0.000000,10.597458,0.000000,0.183187,0.000000,0.255115,0.000000,0.778373,0.000000,0.856111,0.000000,0.398202,0.000000
0013,Greedy,1,13993,5,20,5.000000,0.000000,3.923308,0.000000,5.400964,0.000000,0.254413,0.000000,0.303519,0.000000,0.876220,0.000000,0.724199,0.000000,0.440023,0.000000
0015,Greedy,1,13455,4,12,4.000000,0.000000,4.789992,0.000000,7.261626,0.000000,13.179116,0.000000,0.153460,0.000000,0.717825,0.000000,0.739156,0.000000,0.377063,0.000000
0016,Greedy,1,14225,7,42,7.000000,0.000000,10.131491,0.000000,12.138715,0.000000,0.337434,0.000000,0.425305,0.000000,0.717504,0.000000,0.846743,0.000000,0.349168,0.000000
0017,Greedy,1,13480,5,20,5.000000,0.000000,3.438943,0.000000,4.811948,0.000000,2.000000,0.000000,0.274500,0.000000,0.712062,0.000000,0.817632,0.000000,0.365418,0.000000
0021,Greedy,1,11880,4,12,4.000000,0.000000,4.908039,0.000000,6.837792,0.000000,3.703704,0.000000,0.256449,0.000000,0.704715,0.000000,0.749927,0.000000,0.357566,0.000000
0026,Greedy,1,13484,10,90,10.000000,0.000000,17.726865,0.000000,20.885912,0.000000,0.232869,0.000000,0.300386,0.000000,0.930543,0.000000,0.784943,0.000000,0.486850,0.000000
0029,Greedy,1,13106,9,72,9.000000,0.000000,7.442194,0.000000,9.083643,0.000000,0.478153,0.000000,0.271654,0.000000,0.700412,0.000000,0.876863,0.000000,0.381502,0.000000
0030,Greedy,1,13814,5,20,5.000000,0.000000,3.830048,0.000000,5.340435,0.000000,0.152020,0.000000,0.307213,0.000000,0.880674,0.000000,0.721504,0.000000,0.441164,0.000000
0031,Greedy,1,10451,7,42,7.000000,0.000000,4.404219,0.000000,5.770174,0.000000,0.334896,0.000000,0.254165,0.000000,0.587164,0.000000,0.890842,0.000000,0.324455,0.000000
0034,Greedy,1,13166,12,132,12.000000,0.000000,25.007763,0.000000,28.695239,0.000000,0.091777,0.000000,0.295296,0.000000,0.930533,0.000000,0.799792,0.000000,0.498771,0.000000
0036,Greedy,1,13510,8,56,8.000000,0.000000,6.918226,0.000000,8.769076,0.000000,0.520910,0.000000,0.286005,0.000000,0.725573,0.000000,0.855124,0.000000,0.392645,0.000000
0038,Greedy,1,13447,12,132,12.000000,0.000000,19.930444,0.000000,22.897481,0.000000,0.052676,0.000000,0.357693,0.000000,0.912808,0.000000,0.806712,0.000000,0.488370,0.000000
0041,Greedy,1,13043,4,12,4.000000,0.000000,7.948647,0.000000,12.418160,0.000000,10.509469,0.000000,0.169342,0.000000,0.872988,0.000000,0.597240,0.000000,0.454098,0.000000
0042,Greedy,1,13684,5,20,5.000000,0.000000,7.176701,0.000000,9.963441,0.000000,6.468869,0.000000,0.253945,0.000000,0.880984,0.000000,0.689597,0.000000,0.460279,0.000000
0044,Greedy,1,13441,8,56,8.000000,0.000000,5.926816,0.000000,7.298480,0.000000,2.360315,0.000000,0.286361,0.000000,0.590152,0.000000,0.905468,0.000000,0.321128,0.000000
0046,Greedy,1,12879,14,182,14.000000,0.000000,6.661279,0.000000,7.705218,0.000000,0.127561,0.000000,0.249249,0.000000,0.782734,0.000000,0.881311,0.000000,0.411593,0.000000
0050,Greedy,1,13629,9,72,9.000000,0.000000,17.796209,0.000000,20.318088,0.000000,0.450836,0.000000,0.289435,0.000000,0.817512,0.000000,0.823823,0.000000,0.432486,0.000000
0051,Greedy,1,12600,6,30,6.000000,0.000000,7.172794,0.000000,10.196134,0.000000,2.232804,0.000000,0.169138,0.000000,0.873163,0.000000,0.759995,0.000000,0.447564,0.000000
0052,Greedy,1,12738,5,20,5.000000,0.000000,10.799670,0.000000,15.813884,0.000000,7.530225,0.000000,0.203941,0.000000,0.705322,0.000000,0.788291,0.000000,0.374586,0.000000
0062,Greedy,1,13456,5,20,5.000000,0.000000,7.323747,0.000000,10.403010,0.000000,1.657253,0.000000,0.314099,0.000000,1.015043,0.000000,0.620263,0.000000,0.492431,0.000000
0066,Greedy,1,13896,6,30,6.000000,0.000000,4.432420,0.000000,5.921956,0.000000,0.267463,0.000000,0.323628,0.000000,0.944564,0.000000,0.710662,0.000000,0.486982,0.000000
0067,Greedy,1,13233,7,42,7.000000,0.000000,8.549548,0.000000,10.682162,0.000000,0.140342,0.000000,0.394441,0.000000,0.764970,0.000000,0.818801,0.000000,0.386197,0.000000
0071,Greedy,1,13663,11,110,11.000000,0.000000,12.317140,0.000000,14.280296,0.000000,0.077848,0.000000,0.360625,0.000000,0.797991,0.000000,0.849247,0.000000,0.428425,0.000000
0073,Greedy,1,13623,3,6,3.000000,0.000000,6.203385,0.000000,11.714901,0.000000,19.016859,0.000000,0.193044,0.000000,0.639946,0.000000,0.533582,0.000000,0.319973,0.000000
0077,Greedy,1,13447,7,42,7.000000,0.000000,9.223929,0.000000,11.222212,0.000000,0.182728,0.000000,0.354473,0.000000,1.002533,0.000000,0.696818,0.000000,0.506640,0.000000
0081,Greedy,1,9440,9,72,9.000000,0.000000,12.135711,0.000000,14.449389,0.000000,0.103578,0.000000,0.400227,0.000000,0.435420,0.000000,0.955760,0.000000,0.230882,0.000000
0082,Greedy,1,12727,7,42,7.000000,0.000000,4.908822,0.000000,6.326466,0.000000,0.471439,0.000000,0.276590,0.000000,0.725757,0.000000,0.842707,0.000000,0.398993,0.000000
0083,Greedy,1,13060,6,30,6.000000,0.000000,8.609334,0.000000,11.505292,0.000000,1.886166,0.000000,0.250671,0.000000,0.637910,0.000000,0.856342,0.000000,0.345160,0.000000
0084,Greedy,1,13516,7,42,7.000000,0.000000,10.459987,0.000000,12.725694,0.000000,1.459646,0.000000,0.338292,0.000000,0.973425,0.000000,0.699894,0.000000,0.484794,0.000000
0088,Greedy,1,12893,9,72,9.000000,0.000000,10.787014,0.000000,13.131119,0.000000,0.187009,0.000000,0.319795,0.000000,0.730157,0.000000,0.858989,0.000000,0.371146,0.000000
0089,Greedy,1,12123,13,156,13.000000,0.000000,27.239575,0.000000,32.996130,0.000000,0.102793,0.000000,0.256625,0.000000,0.677345,0.000000,0.898804,0.000000,0.373969,0.000000
0093,Greedy,1,12900,26,650,26.000000,0.000000,46.605913,0.000000,49.152498,0.000000,0.014908,0.000000,0.351128,0.000000,0.902808,0.000000,0.853953,0.000000,0.491450,0.000000
0095,Greedy,1,13030,7,42,7.000000,0.000000,12.556370,0.000000,16.398772,0.000000,0.839820,0.000000,0.233810,0.000000,0.615139,0.000000,0.875789,0.000000,0.338338,0.000000
0099,Greedy,1,13378,7,42,7.000000,0.000000,8.175958,0.000000,10.865483,0.000000,1.004848,0.000000,0.209502,0.000000,0.928214,0.000000,0.745108,0.000000,0.485072,0.000000
0106,Greedy,1,13297,11,110,11.000000,0.000000,13.389817,0.000000,15.874665,0.000000,0.234503,0.000000,0.305549,0.000000,1.009787,0.000000,0.765483,0.000000,0.526675,0.000000
0107,Greedy,1,12694,6,30,6.000000,0.000000,8.875091,0.000000,11.917859,0.000000,2.562891,0.000000,0.218513,0.000000,0.605717,0.000000,0.862273,0.000000,0.329607,0.000000
0108,Greedy,1,13966,4,12,4.000000,0.000000,5.451070,0.000000,8.377899,0.000000,10.810182,0.000000,0.334063,0.000000,0.688704,0.000000,0.731744,0.000000,0.350808,0.000000
0109,Greedy,1,13160,9,72,9.000000,0.000000,14.193041,0.000000,17.218775,0.000000,0.097096,0.000000,0.378741,0.000000,0.760908,0.000000,0.847841,0.000000,0.390692,0.000000
bell,Greedy,10,109812,176,2952,17.600000,1.743560,67.351413,10.762739,74.824347,10.855980,0.070946,0.046803,0.282128,0.021610,0.763824,0.045550,0.896003,0.014130,0.403451,0.021071
bracket,Greedy,10,129665,58,284,5.800000,0.748331,6.273268,1.086534,8.424587,1.065153,3.627184,2.821924,0.290632,0.043608,0.721798,0.178179,0.804551,0.099018,0.371941,0.080907
cat,Greedy,10,121967,94,804,9.400000,1.200000,16.213400,2.490915,19.736949,2.559791,0.383929,0.209632,0.231199,0.009395,0.671706,0.047272,0.886715,0.014480,0.365849,0.024073
goku,Greedy,10,120471,128,1538,12.800000,1.661325,15.330645,2.341541,17.734161,2.337599,0.103305,0.051022,0.265314,0.019431,0.672221,0.047013,0.907699,0.010948,0.361143,0.020117
gorilla,Greedy,10,120382,67,384,6.700000,0.458258,12.008102,1.042928,15.989347,1.035867,1.424499,0.586747,0.220730,0.015022,0.710712,0.077781,0.841908,0.033403,0.379641,0.036823
mug,Greedy,10,127053,88,696,8.800000,0.979796,20.325892,2.740090,25.604370,3.005710,1.000372,0.604807,0.203943,0.010688,0.811291,0.075253,0.832615,0.024223,0.429235,0.034194
0003,Potential Field,3,16197,15,60,5.000000,0.000000,15.459629,3.418586,16.650217,3.333386,8.753951,2.108942,0.155395,0.018680,0.615690,0.078293,0.846699,0.029829,0.325357,0.042580
0005,Potential Field,1,5766,3,6,3.000000,0.000000,1.908630,0.000000,2.491493,0.000000,23.875593,0.000000,0.122509,0.000000,0.628426,0.000000,0.620930,0.000000,0.314213,0.000000
0006,Potential Field,1,5094,6,30,6.000000,0.000000,22.342641,0.000000,23.373713,0.000000,3.520482,0.000000,0.302587,0.000000,0.670960,0.000000,0.854453,0.000000,0.350491,0.000000
0007,Potential Field,1,5465,3,6,3.000000,0.000000,0.000000,0.000000,0.150224,0.000000,20.616041,0.000000,0.219536,0.000000,0.650938,0.000000,0.589929,0.000000,0.325469,0.000000
0009,Potential Field,1,5330,4,12,4.000000,0.000000,3.124203,0.000000,3.313812,0.000000,11.819887,0.000000,0.217579,0.000000,0.640794,0.000000,0.766533,0.000000,0.321374,0.000000
0010,Potential Field,1,5295,3,6,3.000000,0.000000,0.000000,0.000000,0.158028,0.000000,24.337425,0.000000,0.137108,0.000000,0.468343,0.000000,0.765262,0.000000,0.234171,0.000000
0012,Potential Field,1,5541,4,12,4.000000,0.000000,5.033513,0.000000,5.385921,0.000000,15.200325,0.000000,0.146255,0.000000,0.464855,0.000000,0.892765,0.000000,0.235387,0.000000
0013,Potential Field,1,5083,4,12,4.000000,0.000000,6.536364,0.000000,7.096236,0.000000,16.107614,0.000000,0.109752,0.000000,0.091806,0.000000,0.994886,0.000000,0.048506,0.000000
0015,Potential Field,1,5250,4,12,4.000000,0.000000,8.225058,0.000000,8.871899,0.000000,14.628571,0.000000,0.149030,0.000000,0.660457,0.000000,0.792811,0.000000,0.347945,0.000000
0016,Potential Field,1,5218,6,30,6.000000,0.000000,23.641266,0.000000,24.940674,0.000000,7.116392,0.000000,0.388345,0.000000,0.464457,0.000000,0.908358,0.000000,0.235517,0.000000
0017,Potential Field,1,4759,8,56,8.000000,0.000000,37.923313,0.000000,39.746767,0.000000,3.438222,0.000000,0.222741,0.000000,0.629030,0.000000,0.891434,0.000000,0.336475,0.000000
0021,Potential Field,1,4091,5,20,5.000000,0.000000,10.717211,0.000000,11.254477,0.000000,8.335370,0.000000,0.161524,0.000000,0.581670,0.000000,0.861644,0.000000,0.303562,0.000000
0026,Potential Field,1,5000,4,12,4.000000,0.000000,7.691986,0.000000,8.034194,0.000000,15.790000,0.000000,0.142387,0.000000,0.672553,0.000000,0.787758,0.000000,0.346905,0.000000
0029,Potential Field,1,5193,3,6,3.000000,0.000000,0.619280,0.000000,0.760986,0.000000,25.264780,0.000000,0.134047,0.000000,0.475705,0.000000,0.760070,0.000000,0.237853,0.000000
0030,Potential Field,1,5154,6,30,6.000000,0.000000,18.183065,0.000000,19.294018,0.000000,4.071272,0.000000,0.148827,0.000000,0.930929,0.000000,0.748775,0.000000,0.455246,0.000000
0031,Potential Field,1,4784,3,6,3.000000,0.000000,0.000000,0.000000,0.150650,0.000000,26.672241,0.000000,0.100481,0.000000,0.231443,0.000000,0.952008,0.000000,0.115721,0.000000
0034,Potential Field,1,5059,5,20,5.000000,0.000000,7.098596,0.000000,8.313234,0.000000,11.947025,0.000000,0.100381,0.000000,0.767222,0.000000,0.773118,0.000000,0.409386,0.000000
0036,Potential Field,1,5294,4,12,4.000000,0.000000,2.643007,0.000000,2.901187,0.000000,12.925009,0.000000,0.327827,0.000000,0.594765,0.000000,0.801544,0.000000,0.312830,0.000000
0038,Potential Field,1,5604,4,12,4.000000,0.000000,5.466338,0.000000,5.764799,0.000000,13.227159,0.000000,0.233122,0.000000,0.568699,0.000000,0.818038,0.000000,0.293208,0.000000
0041,Potential Field,1,5228,4,12,4.000000,0.000000,3.393363,0.000000,3.861020,0.000000,12.734315,0.000000,0.163783,0.000000,0.488627,0.000000,0.856012,0.000000,0.246913,0.000000
0042,Potential Field,1,5456,4,12,4.000000,0.000000,12.130658,0.000000,12.699900,0.000000,6.795271,0.000000,0.223298,0.000000,0.650141,0.000000,0.787213,0.000000,0.334983,0.000000
0044,Potential Field,1,5462,3,6,3.000000,0.000000,1.575495,0.000000,2.012524,0.000000,23.318687,0.000000,0.134721,0.000000,0.639259,0.000000,0.651181,0.000000,0.319630,0.000000
0046,Potential Field,1,5046,4,12,4.000000,0.000000,4.554854,0.000000,4.896422,0.000000,13.233254,0.000000,0.155595,0.000000,0.796318,0.000000,0.700205,0.000000,0.403959,0.000000
0050,Potential Field,1,5479,3,6,3.000000,0.000000,2.079051,0.000000,2.361642,0.000000,18.805135,0.000000,0.238934,0.000000,0.686227,0.000000,0.494770,0.000000,0.343113,0.000000
0051,Potential Field,1,5316,6,30,6.000000,0.000000,18.765859,0.000000,19.744157,0.000000,6.204540,0.000000,0.195154,0.000000,0.522493,0.000000,0.909238,0.000000,0.274953,0.000000
0052,Potential Field,1,5180,5,20,5.000000,0.000000,18.868763,0.000000,19.949413,0.000000,5.945946,0.000000,0.204541,0.000000,0.942286,0.000000,0.679767,0.000000,0.473295,0.000000
0062,Potential Field,1,5638,3,6,3.000000,0.000000,0.000000,0.000000,0.181408,0.000000,26.818021,0.000000,0.088326,0.000000,0.492739,0.000000,0.733894,0.000000,0.246369,0.000000
0066,Potential Field,1,5436,6,30,6.000000,0.000000,28.519805,0.000000,29.850668,0.000000,1.729213,0.000000,0.281523,0.000000,0.913369,0.000000,0.727698,0.000000,0.438253,0.000000
0067,Potential Field,1,5322,4,12,4.000000,0.000000,3.485935,0.000000,3.749625,0.000000,11.438369,0.000000,0.162020,0.000000,0.687618,0.000000,0.768261,0.000000,0.349497,0.000000
0071,Potential Field,1,5358,5,20,5.000000,0.000000,12.034981,0.000000,13.296411,0.000000,8.622620,0.000000,0.207411,0.000000,0.669265,0.000000,0.833633,0.000000,0.349278,0.000000
0073,Potential Field,1,5324,4,12,4.000000,0.000000,2.655273,0.000000,2.849583,0.000000,15.228212,0.000000,0.151256,0.000000,0.542373,0.000000,0.836812,0.000000,0.276613,0.000000
0077,Potential Field,1,5477,5,20,5.000000,0.000000,10.280096,0.000000,11.282437,0.000000,9.746211,0.000000,0.283482,0.000000,0.542568,0.000000,0.850636,0.000000,0.287572,0.000000
0081,Potential Field,1,3835,3,6,3.000000,0.000000,1.733996,0.000000,1.917259,0.000000,21.590613,0.000000,0.196806,0.000000,0.318745,0.000000,0.916682,0.000000,0.159373,0.000000
0082,Potential Field,1,5166,8,56,8.000000,0.000000,38.659668,0.000000,41.276938,0.000000,1.280004,0.000000,0.242926,0.000000,0.627306,0.000000,0.892563,0.000000,0.340827,0.000000
0083,Potential Field,1,5155,5,20,5.000000,0.000000,17.410867,0.000000,18.511876,0.000000,7.154219,0.000000,0.224609,0.000000,0.736661,0.000000,0.802053,0.000000,0.382089,0.000000
0084,Potential Field,1,5490,6,30,6.000000,0.000000,28.687303,0.000000,30.696008,0.000000,2.440801,0.000000,0.230615,0.000000,0.777422,0.000000,0.790770,0.000000,0.410146,0.000000
0088,Potential Field,1,5124,4,12,4.000000,0.000000,2.940077,0.000000,3.553243,0.000000,14.324746,0.000000,0.154272,0.000000,0.434738,0.000000,0.850470,0.000000,0.226341,0.000000
0089,Potential Field,1,4865,7,42,7.000000,0.000000,30.778875,0.000000,33.312045,0.000000,3.635296,0.000000,0.225435,0.000000,0.564721,0.000000,0.896134,0.000000,0.306149,0.000000
0093,Potential Field,1,4863,8,56,8.000000,0.000000,47.446129,0.000000,49.518418,0.000000,1.344335,0.000000,0.266758,0.000000,0.987542,0.000000,0.735120,0.000000,0.492991,0.000000
0095,Potential Field,1,5188,4,12,4.000000,0.000000,12.944788,0.000000,13.675185,0.000000,14.567271,0.000000,0.128839,0.000000,0.409613,0.000000,0.897224,0.000000,0.211044,0.000000
0099,Potential Field,1,4711,5,20,5.000000,0.000000,10.372936,0.000000,11.160518,0.000000,10.095521,0.000000,0.169063,0.000000,0.444636,0.000000,0.910148,0.000000,0.238562,0.000000
0106,Potential Field,1,5360,6,30,6.000000,0.000000,21.798549,0.000000,22.925745,0.000000,8.100124,0.000000,0.213697,0.000000,0.684933,0.000000,0.844996,0.000000,0.361470,0.000000
0107,Potential Field,1,5123,4,12,4.000000,0.000000,5.097361,0.000000,5.620246,0.000000,12.453640,0.000000,0.163674,0.000000,0.681518,0.000000,0.754986,0.000000,0.359827,0.000000
0108,Potential Field,1,5364,4,12,4.000000,0.000000,2.913959,0.000000,3.213793,0.000000,13.208427,0.000000,0.144950,0.000000,0.722171,0.000000,0.735810,0.000000,0.377292,0.000000
0109,Potential Field,1,5435,5,20,5.000000,0.000000,14.294387,0.000000,15.114892,0.000000,8.250230,0.000000,0.268611,0.000000,0.525283,0.000000,0.875329,0.000000,0.277601,0.000000
bell,Potential Field,10,39034,59,292,5.900000,0.538516,21.532542,8.821559,22.385327,9.100635,4.489102,1.411871,0.192341,0.019476,0.472119,0.087733,0.924264,0.023132,0.242685,0.037459
bracket,Potential Field,10,51580,49,192,4.900000,0.300000,7.284747,4.173995,7.866988,4.317563,8.185206,2.393276,0.234341,0.044343,0.667786,0.185488,0.812359,0.076932,0.341874,0.089897
cat,Potential Field,10,49765,61,316,6.100000,0.700000,30.859430,13.500196,31.874839,13.727013,3.743260,1.461943,0.175157,0.013249,0.577625,0.064339,0.882835,0.016744,0.313283,0.036667
goku,Potential Field,10,48163,84,626,8.400000,0.663325,85.650131,16.049631,87.678428,16.358941,0.786652,0.310396,0.248310,0.018510,0.663061,0.031647,0.885791,0.008155,0.357236,0.014437
gorilla,Potential Field,10,48817,55,250,5.500000,0.500000,21.898499,6.463940,22.645695,6.649260,5.536737,1.810501,0.164557,0.013877,0.579876,0.061192,0.864010,0.016331,0.308262,0.032144
mug,Potential Field,10,49060,53,230,5.300000,0.458258,15.456127,6.386335,16.584918,6.582358,8.029412,1.514154,0.166126,0.019978,0.530308,0.077682,0.894945,0.029565,0.282071,0.037857
0003,SA,1,5403,7,42,7.000000,0.000000,9.836421,0.000000,11.625151,0.000000,2.041194,0.000000,0.311209,0.000000,0.928257,0.000000,0.746403,0.000000,0.480211,0.000000
0005,SA,1,5768,13,156,13.000000,0.000000,137.847453,0.000000,166.570697,0.000000,1.200256,0.000000,0.263731,0.000000,0.897777,0.000000,0.820399,0.000000,0.466839,0.000000
0006,SA,1,5142,13,156,13.000000,0.000000,32.723122,0.000000,34.264490,0.000000,0.146606,0.000000,0.296127,0.000000,0.850878,0.000000,0.851264,0.000000,0.455571,0.000000
0007,SA,1,5462,8,56,8.000000,0.000000,17.658339,0.000000,18.977123,0.000000,0.208257,0.000000,0.314915,0.000000,1.058693,0.000000,0.683498,0.000000,0.525240,0.000000
0009,SA,1,5327,7,42,7.000000,0.000000,4.507979,0.000000,5.107630,0.000000,0.372764,0.000000,0.354507,0.000000,0.942794,0.000000,0.733294,0.000000,0.491722,0.000000
0010,SA,1,5284,7,42,7.000000,0.000000,11.958604,0.000000,13.814298,0.000000,0.816481,0.000000,0.326553,0.000000,0.908114,0.000000,0.747754,0.000000,0.481677,0.000000
0012,SA,1,5527,8,56,8.000000,0.000000,12.252747,0.000000,13.589376,0.000000,0.816447,0.000000,0.285441,0.000000,0.860586,0.000000,0.784681,0.000000,0.453491,0.000000
0013,SA,1,5084,7,42,7.000000,0.000000,35.359772,0.000000,39.791096,0.000000,0.739013,0.000000,0.213163,0.000000,0.911897,0.000000,0.747835,0.000000,0.490991,0.000000
0015,SA,1,5261,12,132,12.000000,0.000000,42.552030,0.000000,47.192197,0.000000,0.628841,0.000000,0.292143,0.000000,0.813548,0.000000,0.848275,0.000000,0.443962,0.000000
0016,SA,1,5238,14,182,14.000000,0.000000,109.402819,0.000000,113.812532,0.000000,0.118639,0.000000,0.225629,0.000000,1.021054,0.000000,0.797185,0.000000,0.521354,0.000000
0017,SA,1,4830,7,42,7.000000,0.000000,4.015058,0.000000,4.695466,0.000000,0.739426,0.000000,0.248090,0.000000,0.812737,0.000000,0.798982,0.000000,0.418426,0.000000
0021,SA,1,4095,6,30,6.000000,0.000000,6.068316,0.000000,6.963046,0.000000,1.737892,0.000000,0.247954,0.000000,0.681139,0.000000,0.836990,0.000000,0.373577,0.000000
0026,SA,1,5011,14,182,14.000000,0.000000,57.685994,0.000000,60.075543,0.000000,0.159649,0.000000,0.360966,0.000000,0.911832,0.000000,0.824900,0.000000,0.475042,0.000000
0029,SA,1,5251,10,90,10.000000,0.000000,19.211966,0.000000,21.347068,0.000000,0.137117,0.000000,0.338976,0.000000,0.874884,0.000000,0.818746,0.000000,0.465855,0.000000
0030,SA,1,5313,9,72,9.000000,0.000000,20.492424,0.000000,22.017164,0.000000,0.353431,0.000000,0.221367,0.000000,0.817427,0.000000,0.836090,0.000000,0.429422,0.000000
0031,SA,1,4801,6,30,6.000000,0.000000,13.553893,0.000000,15.031556,0.000000,0.631813,0.000000,0.345531,0.000000,0.677937,0.000000,0.836971,0.000000,0.366688,0.000000
0034,SA,1,5073,7,42,7.000000,0.000000,14.113570,0.000000,16.801786,0.000000,1.720594,0.000000,0.195648,0.000000,0.794321,0.000000,0.819727,0.000000,0.413504,0.000000
0036,SA,1,5295,10,90,10.000000,0.000000,37.438805,0.000000,41.839888,0.000000,0.251180,0.000000,0.345399,0.000000,0.834692,0.000000,0.835331,0.000000,0.444890,0.000000
0038,SA,1,5608,6,30,6.000000,0.000000,7.716704,0.000000,8.532709,0.000000,0.240728,0.000000,0.330931,0.000000,0.939287,0.000000,0.712833,0.000000,0.483451,0.000000
0041,SA,1,5203,6,30,6.000000,0.000000,17.454026,0.000000,21.742783,0.000000,1.534371,0.000000,0.205420,0.000000,0.863890,0.000000,0.733971,0.000000,0.458882,0.000000
0042,SA,1,5466,8,56,8.000000,0.000000,15.727887,0.000000,17.564308,0.000000,0.169228,0.000000,0.388372,0.000000,0.918094,0.000000,0.767361,0.000000,0.480387,0.000000
0044,SA,1,5462,10,90,10.000000,0.000000,55.075614,0.000000,70.418273,0.000000,1.911388,0.000000,0.312258,0.000000,0.782581,0.000000,0.838569,0.000000,0.419443,0.000000
0046,SA,1,5065,7,42,7.000000,0.000000,18.159667,0.000000,19.556024,0.000000,0.411790,0.000000,0.360060,0.000000,1.012689,0.000000,0.687330,0.000000,0.516359,0.000000
0050,SA,1,5476,6,30,6.000000,0.000000,9.799837,0.000000,15.539728,0.000000,4.711468,0.000000,0.278638,0.000000,0.862896,0.000000,0.758979,0.000000,0.449561,0.000000
0051,SA,1,5317,14,182,14.000000,0.000000,22.064189,0.000000,22.985231,0.000000,0.193450,0.000000,0.298937,0.000000,0.834821,0.000000,0.862475,0.000000,0.438312,0.000000
0052,SA,1,5201,11,110,11.000000,0.000000,40.585935,0.000000,43.335340,0.000000,0.237717,0.000000,0.259769,0.000000,0.891452,0.000000,0.821620,0.000000,0.474187,0.000000
0062,SA,1,5640,7,42,7.000000,0.000000,13.927491,0.000000,16.073873,0.000000,1.180344,0.000000,0.291606,0.000000,0.825728,0.000000,0.795001,0.000000,0.427893,0.000000
0066,SA,1,5433,7,42,7.000000,0.000000,10.755672,0.000000,12.272688,0.000000,0.128842,0.000000,0.267329,0.000000,0.892074,0.000000,0.775050,0.000000,0.457912,0.000000
0067,SA,1,5251,7,42,7.000000,0.000000,11.967180,0.000000,13.284705,0.000000,0.625731,0.000000,0.356065,0.000000,0.883106,0.000000,0.771329,0.000000,0.465168,0.000000
0071,SA,1,5354,9,72,9.000000,0.000000,32.947251,0.000000,36.717073,0.000000,0.332047,0.000000,0.246144,0.000000,0.895460,0.000000,0.807324,0.000000,0.465254,0.000000
0073,SA,1,5321,7,42,7.000000,0.000000,4.333384,0.000000,5.090585,0.000000,0.832282,0.000000,0.345607,0.000000,0.950259,0.000000,0.724958,0.000000,0.491110,0.000000
0077,SA,1,5520,7,42,7.000000,0.000000,15.486602,0.000000,17.043155,0.000000,0.504658,0.000000,0.316406,0.000000,1.029457,0.000000,0.682647,0.000000,0.526387,0.000000
0081,SA,1,3887,8,56,8.000000,0.000000,18.924473,0.000000,20.355221,0.000000,0.128634,0.000000,0.325686,0.000000,0.713555,0.000000,0.871183,0.000000,0.365334,0.000000
0082,SA,1,5188,9,72,9.000000,0.000000,15.298755,0.000000,16.715240,0.000000,0.691767,0.000000,0.357100,0.000000,0.755649,0.000000,0.853265,0.000000,0.405227,0.000000
0083,SA,1,5153,8,56,8.000000,0.000000,37.226147,0.000000,39.855955,0.000000,0.570056,0.000000,0.185519,0.000000,0.929172,0.000000,0.774688,0.000000,0.490822,0.000000
0084,SA,1,5446,10,90,10.000000,0.000000,43.504919,0.000000,47.445525,0.000000,0.409475,0.000000,0.242964,0.000000,0.857941,0.000000,0.816340,0.000000,0.462830,0.000000
0088,SA,1,5146,7,42,7.000000,0.000000,26.692097,0.000000,33.885477,0.000000,2.162567,0.000000,0.206318,0.000000,0.867649,0.000000,0.775670,0.000000,0.454393,0.000000
0089,SA,1,4880,14,182,14.000000,0.000000,126.284111,0.000000,138.376977,0.000000,0.122951,0.000000,0.225021,0.000000,1.106388,0.000000,0.773364,0.000000,0.559647,0.000000
0093,SA,1,4824,14,182,14.000000,0.000000,79.672187,0.000000,86.218416,0.000000,0.026652,0.000000,0.368509,0.000000,0.803243,0.000000,0.869993,0.000000,0.435590,0.000000
0095,SA,1,5194,6,30,6.000000,0.000000,16.734081,0.000000,19.377196,0.000000,2.833398,0.000000,0.164683,0.000000,0.963331,0.000000,0.705917,0.000000,0.479173,0.000000
0099,SA,1,4640,6,30,6.000000,0.000000,13.070789,0.000000,14.251975,0.000000,0.761494,0.000000,0.294318,0.000000,0.900886,0.000000,0.742093,0.000000,0.459209,0.000000
0106,SA,1,5376,15,210,15.000000,0.000000,68.022366,0.000000,72.699891,0.000000,0.054563,0.000000,0.236697,0.000000,1.171880,0.000000,0.755293,0.000000,0.563458,0.000000
0107,SA,1,5131,7,42,7.000000,0.000000,14.378887,0.000000,16.616679,0.000000,0.793496,0.000000,0.194576,0.000000,0.808383,0.000000,0.814028,0.000000,0.431203,0.000000
0108,SA,1,5344,10,90,10.000000,0.000000,36.598751,0.000000,38.554438,0.000000,0.269461,0.000000,0.277805,0.000000,0.891698,0.000000,0.812051,0.000000,0.469353,0.000000
0109,SA,1,5457,7,42,7.000000,0.000000,11.779653,0.000000,13.291026,0.000000,0.840336,0.000000,0.274767,0.000000,0.759554,0.000000,0.835913,0.000000,0.381957,0.000000
bell,SA,10,38929,82,636,8.200000,2.135416,49.968013,40.743839,54.028386,42.655960,1.167359,0.618893,0.224738,0.026786,0.536610,0.078785,0.926733,0.015068,0.279836,0.035365
bracket,SA,10,51469,101,1130,10.100000,4.592385,28.980079,32.665415,30.740015,33.361225,1.573517,1.577502,0.266087,0.029839,0.918429,0.153141,0.800025,0.045461,0.463133,0.067577
cat,SA,10,49718,81,584,8.100000,0.943398,28.989585,9.983151,31.420753,10.285879,0.838696,0.580356,0.226890,0.015823,0.695754,0.082230,0.874289,0.020145,0.369935,0.038334
goku,SA,10,48225,83,622,8.300000,1.268858,26.078262,13.002877,27.946719,13.324355,0.689151,0.676743,0.247707,0.018146,0.726093,0.133578,0.855450,0.044782,0.383462,0.058731
gorilla,SA,10,48843,69,414,6.900000,0.830662,21.033413,18.219021,23.569326,19.168217,1.654080,1.200263,0.222907,0.018921,0.726365,0.084761,0.842793,0.027632,0.379827,0.041226
mug,SA,10,49107,82,618,8.200000,1.661325,41.202610,23.333063,46.735251,25.319992,2.025050,1.539877,0.191924,0.014644,0.785628,0.197373,0.845917,0.051920,0.395760,0.079611
